week_ending,butter_price_usd_lb,butter_sales_lb,usdkrw,butter_price_usd_kg,butter_price_krw_kg
2012-03-03,1.4234,6205309.0,1120.54,3.1381,3516.0
2012-03-10,1.415,4109948.0,1119.11,3.1195,3491.0
2012-03-17,1.4425,4876999.0,1124.85,3.1802,3577.0
2012-03-24,1.4519,6594422.0,1129.65,3.2009,3616.0
2012-03-31,1.5001,6118090.0,1135.04,3.3072,3754.0
2012-04-07,1.4753,2845894.0,1128.12,3.2525,3669.0
2012-04-14,1.4481,2586156.0,1138.51,3.1925,3635.0
2012-04-21,1.4401,2901903.0,1137.68,3.1749,3612.0
2012-04-28,1.4268,4130975.0,1136.78,3.1456,3576.0
2012-05-05,1.4135,4765791.0,1130.43,3.1162,3523.0
2012-05-12,1.3701,3513340.0,1141.74,3.0205,3449.0
2012-05-19,1.3352,4440673.0,1162.32,2.9436,3421.0
2012-05-26,1.345,5219020.0,1173.71,2.9652,3480.0
2012-06-02,1.3618,4864860.0,1179.56,3.0023,3541.0
2012-06-09,1.3678,4350587.0,1173.26,3.0155,3538.0
2012-06-16,1.3877,3430981.0,1166.75,3.0594,3570.0
2012-06-23,1.3981,5789109.0,1154.69,3.0823,3559.0
2012-06-30,1.4695,5137665.0,1155.13,3.2397,3742.0
2012-07-07,1.5046,2814738.0,1137.56,3.3171,3773.0
2012-07-14,1.5375,3875056.0,1144.92,3.3896,3881.0
2012-07-21,1.5482,2760877.0,1142.53,3.4132,3900.0
2012-07-28,1.5689,2346610.0,1146.58,3.4588,3966.0
2012-08-04,1.6311,3288718.0,1131.98,3.596,4071.0
2012-08-11,1.6632,3561118.0,1128.63,3.6667,4138.0
2012-08-18,1.7154,3151123.0,1131.39,3.7818,4279.0
2012-08-25,1.7576,2349268.0,1133.27,3.8748,4391.0
2012-09-01,1.7686,4275232.0,1134.26,3.8991,4423.0
2012-09-08,1.8037,4787843.0,1133.12,3.9765,4506.0
2012-09-15,1.8579,2877134.0,1125.65,4.096,4611.0
2012-09-22,1.8436,4960947.0,1118.01,4.0644,4544.0
2012-09-29,1.8785,3746743.0,1117.22,4.1414,4627.0
2012-10-06,1.907,4160355.0,1111.25,4.2042,4672.0
2012-10-13,1.9315,4506781.0,1112.1,4.2582,4736.0
2012-10-20,1.9305,3416273.0,1106.25,4.256,4708.0
2012-10-27,1.8946,3299246.0,1101.05,4.1769,4599.0
2012-11-03,1.9019,2691147.0,1091.65,4.193,4577.0
2012-11-10,1.8923,3809015.0,1088.94,4.1718,4543.0
2012-11-17,1.8772,3723625.0,1088.93,4.1385,4507.0
2012-11-24,1.855,2418195.0,1083.89,4.0896,4433.0
2012-12-01,1.7088,3989210.0,1084.43,3.7673,4085.0
2012-12-08,1.6351,3612447.0,1082.64,3.6048,3903.0
2012-12-15,1.5944,4446906.0,1074.85,3.515,3778.0
2012-12-22,1.6014,2793846.0,1073.23,3.5305,3789.0
2012-12-29,1.5576,3137968.0,1071.9,3.4339,3681.0
2013-01-05,1.5344,3022194.0,1062.87,3.3828,3595.0
2013-01-12,1.5229,3738779.0,1060.06,3.3574,3559.0
2013-01-19,1.4789,4508942.0,1057.64,3.2604,3448.0
2013-01-26,1.4973,4022708.0,1068.31,3.301,3526.0
2013-02-02,1.5117,3963335.0,1088.34,3.3327,3627.0
2013-02-09,1.5257,4459700.0,1090.06,3.3636,3667.0
2013-02-16,1.5626,4454769.0,1087.54,3.4449,3746.0
2013-02-23,1.579,4447018.0,1082.83,3.4811,3769.0
2013-03-02,1.5936,4102393.0,1085.72,3.5133,3814.0
2013-03-09,1.5764,4112302.0,1087.68,3.4754,3780.0
2013-03-16,1.6031,4858890.0,1101.14,3.5342,3892.0
2013-03-23,1.6295,5157586.0,1115.47,3.5924,4007.0
2013-03-30,1.6586,5058133.0,1110.99,3.6566,4062.0
2013-04-06,1.6446,5046600.0,1121.86,3.6257,4068.0
2013-04-13,1.6618,6689836.0,1134.59,3.6636,4157.0
2013-04-20,1.6948,2985455.0,1118.5,3.7364,4179.0
2013-04-27,1.7226,4498232.0,1115.89,3.7977,4238.0
2013-05-04,1.7161,3205349.0,1100.79,3.7833,4165.0
2013-05-11,1.6782,2738701.0,1093.49,3.6998,4046.0
2013-05-18,1.6387,2888822.0,1114.44,3.6127,4026.0
2013-05-25,1.6081,3007124.0,1119.48,3.5452,3969.0
2013-06-01,1.6182,4978513.0,1129.35,3.5675,4029.0
2013-06-08,1.5495,2512900.0,1120.82,3.4161,3829.0
2013-06-15,1.5688,2410722.0,1128.88,3.4586,3904.0
2013-06-22,1.5501,3339732.0,1138.68,3.4174,3891.0
2013-06-29,1.5109,3469666.0,1151.65,3.331,3836.0
2013-07-06,1.4648,5024636.0,1137.92,3.2293,3675.0
2013-07-13,1.5067,4541887.0,1134.38,3.3217,3768.0
2013-07-20,1.4447,4265563.0,1119.42,3.185,3565.0
2013-07-27,1.4544,5197191.0,1115.87,3.2064,3578.0
2013-08-03,1.4422,7884035.0,1119.5,3.1795,3559.0
2013-08-10,1.4489,7156443.0,1113.55,3.1943,3557.0
2013-08-17,1.4349,5823439.0,1116.23,3.1634,3531.0
2013-08-24,1.3666,4734136.0,1117.95,3.0128,3368.0
2013-08-31,1.373,4513811.0,1113.05,3.0269,3369.0
2013-09-07,1.3748,4853159.0,1095.05,3.0309,3319.0
2013-09-14,1.3998,4978157.0,1085.33,3.086,3349.0
2013-09-21,1.4304,3844542.0,1078.36,3.1535,3401.0
2013-09-28,1.5003,,1074.85,3.3076,3555.0
2013-10-05,1.5476,,1072.85,3.4119,3660.0
2013-10-12,1.5425,,1072.73,3.4006,3648.0
2013-10-19,1.5677,3537562.0,1063.18,3.4562,3675.0
2013-10-26,1.5239,2183772.0,1059.94,3.3596,3561.0
2013-11-02,1.4949,2718739.0,1060.55,3.2957,3495.0
2013-11-09,1.4828,5152974.0,1061.62,3.269,3470.0
2013-11-16,1.5046,6704889.0,1068.44,3.3171,3544.0
2013-11-23,1.5459,4664182.0,1057.77,3.4081,3605.0
2013-11-30,1.6045,3203554.0,1059.52,3.5373,3748.0
2013-12-07,1.6559,1936861.0,1058.65,3.6506,3865.0
2013-12-14,1.6297,3553051.0,1051.44,3.5929,3778.0
2013-12-21,1.6392,1270376.0,1055.13,3.6138,3813.0
2013-12-28,1.573,1522697.0,1058.12,3.4679,3669.0
2014-01-04,1.5682,3145573.0,1053.77,3.4573,3643.0
2014-01-11,1.5705,3468528.0,1064.63,3.4624,3686.0
2014-01-18,1.621,2890009.0,1060.51,3.5737,3790.0
2014-01-25,1.6699,6118325.0,1071.39,3.6815,3944.0
2014-02-01,1.799,3348407.0,1078.62,3.9661,4278.0
2014-02-08,1.8365,4137726.0,1079.64,4.0488,4371.0
2014-02-15,1.8599,3694684.0,1066.87,4.1004,4375.0
2014-02-22,1.8243,2758401.0,1068.74,4.0219,4298.0
2014-03-01,1.8074,3858078.0,1069.47,3.9846,4261.0
2014-03-08,1.8246,2864973.0,1068.05,4.0225,4296.0
2014-03-15,1.8407,2764078.0,1068.3,4.058,4335.0
2014-03-22,1.85,5658194.0,1072.41,4.0785,4374.0
2014-03-29,1.8982,4089917.0,1074.37,4.1848,4496.0
2014-04-05,1.9593,2647090.0,1058.3,4.3195,4571.0
2014-04-12,1.9792,2757348.0,1044.76,4.3634,4559.0
2014-04-19,1.9628,3086229.0,1038.78,4.3272,4495.0
2014-04-26,1.8631,6324654.0,1039.16,4.1074,4268.0
2014-05-03,1.9042,3856954.0,1031.98,4.198,4332.0
2014-05-10,1.9897,4410235.0,1025.66,4.3865,4499.0
2014-05-17,2.0554,3789819.0,1024.43,4.5314,4642.0
2014-05-24,2.1189,5440889.0,1024.46,4.6714,4786.0
2014-05-31,2.1261,4822912.0,1021.36,4.6872,4787.0
2014-06-07,2.1857,3652109.0,1021.88,4.8186,4924.0
2014-06-14,2.1836,4453420.0,1016.86,4.814,4895.0
2014-06-21,2.1744,4833637.0,1020.67,4.7937,4893.0
2014-06-28,2.2083,4010820.0,1017.0,4.8685,4951.0
2014-07-05,2.2823,2929600.0,1010.06,5.0316,5082.0
2014-07-12,2.3113,4067251.0,1013.28,5.0955,5163.0
2014-07-19,2.3686,4152478.0,1027.13,5.2219,5364.0
2014-07-26,2.4131,4115485.0,1025.8,5.32,5457.0
2014-08-02,2.5286,4976336.0,1027.98,5.5746,5731.0
2014-08-09,2.4676,3178549.0,1033.55,5.4401,5623.0
2014-08-16,2.4165,6592229.0,1026.78,5.3275,5470.0
2014-08-23,2.5385,4708239.0,1019.7,5.5964,5707.0
2014-08-30,2.6682,4952771.0,1015.71,5.8824,5975.0
2014-09-06,2.7508,3812017.0,1020.17,6.0645,6187.0
2014-09-13,2.7793,3923201.0,1032.61,6.1273,6327.0
2014-09-20,2.9225,3802514.0,1039.03,6.443,6694.0
2014-09-27,2.9687,3511099.0,1041.42,6.5449,6816.0
2014-10-04,3.013,2889766.0,1058.52,6.6425,7031.0
2014-10-11,2.9214,3234534.0,1069.65,6.4406,6889.0
2014-10-18,2.6983,3090820.0,1061.83,5.9487,6317.0
2014-10-25,2.1938,3539634.0,1055.64,4.8365,5106.0
2014-11-01,1.9882,3814843.0,1053.75,4.3832,4619.0
2014-11-08,1.966,4196101.0,1082.9,4.3343,4694.0
2014-11-15,2.0004,3899040.0,1094.68,4.4101,4828.0
2014-11-22,1.9915,3182167.0,1105.96,4.3905,4856.0
2014-11-29,2.0043,2874465.0,1109.66,4.4187,4903.0
2014-12-06,1.9814,4268052.0,1113.38,4.3682,4863.0
2014-12-13,1.9561,3116542.0,1104.68,4.3125,4764.0
2014-12-20,1.897,3043784.0,1094.92,4.1822,4579.0
2014-12-27,1.6584,1984209.0,1101.94,3.6561,4029.0
2015-01-03,1.6166,2527650.0,1097.01,3.564,3910.0
2015-01-10,1.5529,5191847.0,1098.21,3.4236,3760.0
2015-01-17,1.551,3708678.0,1079.75,3.4194,3692.0
2015-01-24,1.5531,4561931.0,1081.65,3.424,3704.0
2015-01-31,1.5641,6263066.0,1088.49,3.4482,3753.0
2015-02-07,1.63,5916869.0,1093.35,3.5935,3929.0
2015-02-14,1.6927,4281858.0,1100.25,3.7318,4106.0
2015-02-21,1.7117,4592292.0,1110.22,3.7736,4190.0
2015-02-28,1.7068,4527474.0,1103.76,3.7628,4153.0
2015-03-07,1.6816,4661968.0,1101.56,3.7073,4084.0
2015-03-14,1.7171,2701593.0,1124.93,3.7856,4259.0
2015-03-21,1.7082,4628483.0,1123.9,3.7659,4232.0
2015-03-28,1.6715,3013128.0,1103.56,3.685,4067.0
2015-04-04,1.6977,2772127.0,1097.47,3.7428,4108.0
2015-04-11,1.7419,3600851.0,1091.57,3.8402,4192.0
2015-04-18,1.7342,4880033.0,1091.02,3.8233,4171.0
2015-04-25,1.758,3940010.0,1079.86,3.8757,4185.0
2015-05-02,1.8044,3048841.0,1071.5,3.978,4262.0
2015-05-09,1.8192,4111030.0,1083.94,4.0106,4347.0
2015-05-16,1.8803,4104811.0,1090.29,4.1453,4520.0
2015-05-23,1.967,3162469.0,1093.12,4.3365,4740.0
2015-05-30,1.911,2477258.0,1108.94,4.213,4672.0
2015-06-06,1.9026,5011725.0,1112.6,4.1945,4667.0
2015-06-13,1.9361,2918720.0,1115.3,4.2684,4761.0
2015-06-20,1.8862,2627942.0,1112.01,4.1584,4624.0
2015-06-27,1.9037,2833437.0,1109.48,4.1969,4656.0
2015-07-04,1.9286,2525404.0,1120.07,4.2518,4762.0
2015-07-11,1.9356,2745394.0,1130.41,4.2673,4824.0
2015-07-18,1.9303,2460745.0,1143.36,4.2556,4866.0
2015-07-25,1.8908,3449791.0,1158.17,4.1685,4828.0
2015-08-01,1.9059,3723209.0,1164.09,4.2018,4891.0
2015-08-08,1.937,3214732.0,1166.3,4.2703,4980.0
2015-08-15,1.9832,3766868.0,1174.34,4.3722,5134.0
2015-08-22,2.0217,3720618.0,1186.39,4.4571,5288.0
2015-08-29,2.2203,3704756.0,1184.66,4.8949,5799.0
2015-09-05,2.2395,3702102.0,1186.05,4.9372,5856.0
2015-09-12,2.3653,3510940.0,1187.3,5.2146,6191.0
2015-09-19,2.4862,4268235.0,1171.37,5.4811,6420.0
2015-09-26,2.6431,4318138.0,1188.98,5.827,6928.0
2015-10-03,2.8648,3793650.0,1185.55,6.3158,7488.0
2015-10-10,2.6577,3906008.0,1154.84,5.8592,6766.0
2015-10-17,2.4277,3976646.0,1134.86,5.3522,6074.0
2015-10-24,2.4379,4189717.0,1132.56,5.3746,6087.0
2015-10-31,2.4785,3044032.0,1135.05,5.4642,6202.0
2015-11-07,2.6718,4383463.0,1139.69,5.8903,6713.0
2015-11-14,2.8223,3315451.0,1161.79,6.2221,7229.0
2015-11-21,2.8885,3385150.0,1163.47,6.368,7409.0
2015-11-28,2.8853,2059717.0,1150.91,6.361,7321.0
2015-12-05,2.8806,3270168.0,1149.39,6.3506,7299.0
2015-12-12,2.856,3569703.0,1179.68,6.2964,7428.0
2015-12-19,2.4649,2990807.0,1181.16,5.4342,6419.0
2015-12-26,2.0664,3699213.0,1162.93,4.5556,5298.0
2016-01-02,2.0411,3595507.0,1171.33,4.4998,5271.0
2016-01-09,2.0443,4806481.0,1196.41,4.5069,5392.0
2016-01-16,2.0411,4943955.0,1210.54,4.4998,5447.0
2016-01-23,2.1111,5001921.0,1205.25,4.6542,5609.0
2016-01-30,2.15,3594984.0,1201.46,4.7399,5695.0
2016-02-06,2.1704,5002912.0,1203.47,4.7849,5758.0
2016-02-13,2.1527,4959124.0,1199.44,4.7459,5692.0
2016-02-20,2.1303,5463976.0,1226.0,4.6965,5758.0
2016-02-27,2.0737,4146845.0,1233.59,4.5717,5640.0
2016-03-05,2.0309,3963381.0,1219.98,4.4774,5462.0
2016-03-12,2.0003,3819313.0,1200.35,4.4099,5293.0
2016-03-19,1.993,4902434.0,1177.78,4.3938,5175.0
2016-03-26,1.9448,4594048.0,1162.96,4.2875,4986.0
2016-04-02,1.9536,4817119.0,1151.22,4.3069,4958.0
2016-04-09,1.9553,4261594.0,1154.14,4.3107,4975.0
2016-04-16,2.0514,5450493.0,1145.92,4.5226,5183.0
2016-04-23,2.0884,3401854.0,1136.86,4.6041,5234.0
2016-04-30,2.0719,3353247.0,1145.99,4.5678,5235.0
2016-05-07,2.0685,3580303.0,1156.99,4.5603,5276.0
2016-05-14,2.0521,3023421.0,1170.43,4.5241,5295.0
2016-05-21,2.0495,3613678.0,1182.57,4.5184,5343.0
2016-05-28,2.0526,4656718.0,1182.13,4.5252,5349.0
2016-06-04,2.0689,2923913.0,1183.89,4.5611,5400.0
2016-06-11,2.0928,3855418.0,1159.56,4.6138,5350.0
2016-06-18,2.1852,3485127.0,1172.46,4.8175,5648.0
2016-06-25,2.3046,3240579.0,1153.99,5.0808,5863.0
2016-07-02,2.3401,2829292.0,1160.86,5.159,5989.0
2016-07-09,2.3424,2734661.0,1155.25,5.1641,5966.0
2016-07-16,2.3081,2985685.0,1141.32,5.0885,5808.0
2016-07-23,2.3056,3855043.0,1138.42,5.083,5787.0
2016-07-30,2.2938,3839467.0,1130.23,5.057,5716.0
2016-08-06,2.2156,2575249.0,1111.45,4.8846,5429.0
2016-08-13,2.2183,3380469.0,1100.74,4.8905,5383.0
2016-08-20,2.2444,3111520.0,1105.56,4.948,5470.0
2016-08-27,2.2202,2552651.0,1117.18,4.8947,5468.0
2016-09-03,2.1275,2624761.0,1117.51,4.6903,5241.0
2016-09-10,2.1117,2591357.0,1096.29,4.6555,5104.0
2016-09-17,2.0621,2684687.0,1122.13,4.5461,5101.0
2016-09-24,2.0341,2721034.0,1109.95,4.4844,4977.0
2016-10-01,2.0494,2435028.0,1099.66,4.5181,4968.0
2016-10-08,1.9467,3443749.0,1112.11,4.2917,4773.0
2016-10-15,1.8514,6798990.0,1129.47,4.0816,4610.0
2016-10-22,1.8405,2869450.0,1129.39,4.0576,4583.0
2016-10-29,1.8185,3015260.0,1138.51,4.0091,4564.0
2016-11-05,1.8683,4521491.0,1144.36,4.1189,4714.0
2016-11-12,1.8898,2548339.0,1146.35,4.1663,4776.0
2016-11-19,1.9417,2156670.0,1173.52,4.2807,5023.0
2016-11-26,1.998,1819721.0,1177.08,4.4048,5185.0
2016-12-03,2.0373,3112346.0,1170.28,4.4915,5256.0
2016-12-10,2.1064,3952316.0,1167.13,4.6438,5420.0
2016-12-17,2.0974,3761496.0,1172.64,4.624,5422.0
2016-12-24,2.115,2526025.0,1195.98,4.6628,5577.0
2016-12-31,2.1629,2260406.0,1207.67,4.7684,5759.0
2017-01-07,2.2737,3721184.0,1196.65,5.0126,5998.0
2017-01-14,2.233,4350861.0,1188.76,4.9229,5852.0
2017-01-21,2.2711,3198101.0,1169.79,5.0069,5857.0
2017-01-28,2.2557,4126967.0,1168.11,4.973,5809.0
2017-02-04,2.2292,3142784.0,1150.34,4.9145,5653.0
2017-02-11,2.2149,4582162.0,1143.53,4.883,5584.0
2017-02-18,2.1624,4745862.0,1143.45,4.7673,5451.0
2017-02-25,2.1383,7462129.0,1136.51,4.7141,5358.0
2017-03-04,2.1553,5755218.0,1140.75,4.7516,5420.0
2017-03-11,2.1897,4237967.0,1153.48,4.8275,5568.0
2017-03-18,2.1915,4341691.0,1144.06,4.8314,5527.0
2017-03-25,2.1656,4754106.0,1116.61,4.7743,5331.0
2017-04-01,2.1456,4974519.0,1112.74,4.7302,5263.0
2017-04-08,2.1299,3841628.0,1126.39,4.6956,5289.0
2017-04-15,2.1339,3889053.0,1139.57,4.7044,5361.0
2017-04-22,2.1088,3633411.0,1138.2,4.6491,5292.0
2017-04-29,2.0891,3658272.0,1132.54,4.6057,5216.0
2017-05-06,2.1052,5357411.0,1133.19,4.6412,5259.0
2017-05-13,2.1185,4896911.0,1129.81,4.6705,5277.0
2017-05-20,2.192,4437261.0,1118.91,4.8325,5407.0
2017-05-27,2.3087,3232433.0,1120.19,5.0898,5702.0
2017-06-03,2.3213,5883309.0,1120.2,5.1176,5733.0
2017-06-10,2.3887,6472040.0,1121.47,5.2662,5906.0
2017-06-17,2.4566,5479230.0,1127.58,5.4159,6107.0
2017-06-24,2.568,2466546.0,1139.01,5.6615,6449.0
2017-07-01,2.5727,4138143.0,1140.0,5.6718,6466.0
2017-07-08,2.654,1958497.0,1153.18,5.8511,6747.0
2017-07-15,2.6086,3261301.0,1140.5,5.751,6559.0
2017-07-22,2.5866,4279573.0,1122.52,5.7025,6401.0
2017-07-29,2.6475,2164100.0,1117.05,5.8367,6520.0
2017-08-05,2.6459,3949076.0,1124.05,5.8332,6557.0
2017-08-12,2.6685,5548875.0,1135.52,5.883,6680.0
2017-08-19,2.6714,4468955.0,1137.7,5.8894,6700.0
2017-08-26,2.628,4125434.0,1129.41,5.7937,6543.0
2017-09-02,2.6501,3610300.0,1120.76,5.8425,6548.0
2017-09-09,2.5869,2322972.0,1130.27,5.7031,6446.0
2017-09-16,2.5038,4906886.0,1129.79,5.5199,6236.0
2017-09-23,2.4593,3837044.0,1128.54,5.4218,6119.0
2017-09-30,2.4797,3387376.0,1140.03,5.4668,6232.0
2017-10-07,2.417,3353680.0,1141.92,5.3286,6085.0
2017-10-14,2.3545,3592550.0,1129.46,5.1908,5863.0
2017-10-21,2.3744,3162241.0,1129.65,5.2346,5913.0
2017-10-28,2.3463,3839566.0,1126.47,5.1727,5827.0
2017-11-04,2.3328,2450056.0,1115.38,5.1429,5736.0
2017-11-11,2.278,3308731.0,1113.12,5.0221,5590.0
2017-11-18,2.2477,3261280.0,1105.03,4.9553,5476.0
2017-11-25,2.2726,2035931.0,1087.38,5.0102,5448.0
2017-12-02,2.2442,2990886.0,1082.94,4.9476,5358.0
2017-12-09,2.2299,3210080.0,1089.29,4.9161,5355.0
2017-12-16,2.2221,2699954.0,1088.92,4.8989,5335.0
2017-12-23,2.2288,2719534.0,1080.33,4.9137,5308.0
2017-12-30,2.2244,1801471.0,1070.74,4.904,5251.0
2018-01-06,2.2373,2204941.0,1061.02,4.9324,5233.0
2018-01-13,2.2312,4227298.0,1065.47,4.9189,5241.0
2018-01-20,2.1822,4525163.0,1066.52,4.8109,5131.0
2018-01-27,2.155,4118701.0,1065.55,4.751,5062.0
2018-02-03,2.1524,5155006.0,1073.75,4.7452,5095.0
2018-02-10,2.1305,6127092.0,1086.32,4.6969,5102.0
2018-02-17,2.0828,7167284.0,1074.6,4.5918,4934.0
2018-02-24,2.1069,7449759.0,1075.59,4.6449,4996.0
2018-03-03,2.1368,7195683.0,1078.03,4.7108,5078.0
2018-03-10,2.1791,5846599.0,1069.4,4.8041,5138.0
2018-03-17,2.17,5994764.0,1064.7,4.784,5094.0
2018-03-24,2.2037,5847642.0,1074.84,4.8583,5222.0
2018-03-31,2.2134,3546575.0,1066.48,4.8797,5204.0
2018-04-07,2.1945,8775617.0,1060.09,4.838,5129.0
2018-04-14,2.2613,8074026.0,1067.76,4.9853,5323.0
2018-04-21,2.2787,6196333.0,1067.87,5.0237,5365.0
2018-04-28,2.2856,5835277.0,1076.26,5.0389,5423.0
2018-05-05,2.3379,7083182.0,1073.98,5.1542,5536.0
2018-05-12,2.3288,6482529.0,1073.77,5.1341,5513.0
2018-05-19,2.3292,7249258.0,1077.05,5.135,5531.0
2018-05-26,2.3795,4403957.0,1078.13,5.2459,5656.0
2018-06-02,2.403,5408154.0,1078.06,5.2977,5711.0
2018-06-09,2.3759,6632177.0,1070.8,5.238,5609.0
2018-06-16,2.3633,5624334.0,1084.15,5.2102,5649.0
2018-06-23,2.3752,3008884.0,1109.53,5.2364,5810.0
2018-06-30,2.3385,2247311.0,1117.56,5.1555,5762.0
2018-07-07,2.2968,2384520.0,1116.72,5.0636,5655.0
2018-07-14,2.2372,2600536.0,1119.79,4.9322,5523.0
2018-07-21,2.2503,2762376.0,1129.75,4.9611,5605.0
2018-07-28,2.2592,2546962.0,1124.38,4.9807,5600.0
2018-08-04,2.271,2846259.0,1119.49,5.0067,5605.0
2018-08-11,2.316,1571422.0,1122.42,5.1059,5731.0
2018-08-18,2.3393,2286844.0,1129.19,5.1573,5824.0
2018-08-25,2.3597,2708720.0,1118.48,5.2022,5819.0
2018-09-01,2.302,2334609.0,1110.33,5.075,5635.0
2018-09-08,2.302,1871147.0,1121.1,5.075,5690.0
2018-09-15,2.245,2610117.0,1123.12,4.9494,5559.0
2018-09-22,2.2494,3758453.0,1120.28,4.9591,5556.0
2018-09-29,2.2874,3015054.0,1115.04,5.0428,5623.0
2018-10-06,2.2757,7009847.0,1121.68,5.0171,5628.0
2018-10-13,2.2972,4698982.0,1134.19,5.0645,5744.0
2018-10-20,2.2668,5694977.0,1129.71,4.9974,5646.0
2018-10-27,2.3151,2138064.0,1136.71,5.1039,5802.0
2018-11-03,2.2629,2578855.0,1132.44,4.9888,5650.0
2018-11-10,2.264,4306332.0,1122.27,4.9913,5602.0
2018-11-17,2.258,2481739.0,1129.1,4.978,5621.0
2018-11-24,2.2622,1996528.0,1128.2,4.9873,5627.0
2018-12-01,2.2903,4616486.0,1124.49,5.0492,5678.0
2018-12-08,2.2576,2879765.0,1115.72,4.9772,5553.0
2018-12-15,2.2574,3694929.0,1127.87,4.9767,5613.0
2018-12-22,2.2567,2014901.0,1125.61,4.9752,5600.0
2018-12-29,2.2171,2776701.0,1120.17,4.8879,5475.0
2019-01-05,2.2153,5308799.0,1118.33,4.8839,5462.0
2019-01-12,2.2477,4919766.0,1118.28,4.9553,5541.0
2019-01-19,2.2282,12232908.0,1121.96,4.9123,5511.0
2019-01-26,2.2679,3851948.0,1125.33,4.9999,5627.0
2019-02-02,2.2355,8975840.0,1116.77,4.9284,5504.0
2019-02-09,2.2853,5696765.0,1120.59,5.0382,5646.0
2019-02-16,2.2948,5216204.0,1125.05,5.0592,5692.0
2019-02-23,2.2594,4360621.0,1123.71,4.9811,5597.0
2019-03-02,2.261,6482983.0,1120.43,4.9846,5585.0
2019-03-09,2.2792,4109617.0,1129.06,5.0248,5673.0
2019-03-16,2.2902,3998746.0,1132.18,5.049,5716.0
2019-03-23,2.2598,5098388.0,1130.84,4.982,5634.0
2019-03-30,2.2928,3109437.0,1135.29,5.0548,5739.0
2019-04-06,2.296,2705163.0,1135.47,5.0618,5748.0
2019-04-13,2.2494,6136133.0,1138.9,4.9591,5648.0
2019-04-20,2.2847,2684765.0,1134.61,5.0369,5715.0
2019-04-27,2.2623,5048457.0,1151.53,4.9875,5743.0
2019-05-04,2.2485,6121484.0,1163.86,4.9571,5769.0
2019-05-11,2.2809,4152419.0,1174.32,5.0285,5905.0
2019-05-18,2.2936,7867247.0,1189.64,5.0565,6015.0
2019-05-25,2.3425,2932874.0,1191.6,5.1643,6154.0
2019-06-01,2.3476,4343977.0,1188.24,5.1756,6150.0
2019-06-08,2.3518,4122100.0,1180.11,5.1848,6119.0
2019-06-15,2.3805,3285049.0,1182.93,5.2481,6208.0
2019-06-22,2.3594,4355732.0,1175.91,5.2016,6117.0
2019-06-29,2.3729,4570841.0,1156.18,5.2313,6048.0
2019-07-06,2.3801,4267291.0,1166.55,5.2472,6121.0
2019-07-13,2.3938,4173648.0,1179.03,5.2774,6222.0
2019-07-20,2.4139,2384297.0,1177.93,5.3217,6269.0
2019-07-27,2.3821,5165334.0,1180.02,5.2516,6197.0
2019-08-03,2.3655,4093787.0,1186.33,5.215,6187.0
2019-08-10,2.3647,2456217.0,1213.54,5.2133,6327.0
2019-08-17,2.3601,3074737.0,1213.79,5.2031,6315.0
2019-08-24,2.3608,2151513.0,1207.6,5.2047,6285.0
2019-08-31,2.3399,2434596.0,1214.02,5.1586,6263.0
2019-09-07,2.2765,1439049.0,1204.32,5.0188,6044.0
2019-09-14,2.275,2261765.0,1186.48,5.0155,5951.0
2019-09-21,2.2643,2010130.0,1188.52,4.9919,5933.0
2019-09-28,2.1785,4408260.0,1198.84,4.8028,5758.0
2019-10-05,2.1821,3387889.0,1199.58,4.8107,5771.0
2019-10-12,2.1521,2678049.0,1194.54,4.7446,5668.0
2019-10-19,2.1348,3792124.0,1182.79,4.7064,5567.0
2019-10-26,2.1414,3597846.0,1171.98,4.721,5533.0
2019-11-02,2.111,2652968.0,1167.1,4.654,5432.0
2019-11-09,2.0824,3599295.0,1157.05,4.5909,5312.0
2019-11-16,2.0886,3194967.0,1166.34,4.6046,5371.0
2019-11-23,2.0871,3101510.0,1171.15,4.6013,5389.0
2019-11-30,2.0598,1977418.0,1176.72,4.5411,5344.0
2019-12-07,2.0094,5508033.0,1189.34,4.43,5269.0
2019-12-14,1.9628,4439335.0,1186.21,4.3272,5133.0
2019-12-21,1.9984,2318303.0,1166.19,4.4057,5138.0
2019-12-28,1.9636,3537122.0,1162.23,4.329,5031.0
2020-01-04,1.9789,3520035.0,1158.58,4.3627,5055.0
2020-01-11,1.9199,5562688.0,1164.82,4.2326,4930.0
2020-01-18,1.9549,2412583.0,1157.86,4.3098,4990.0
2020-01-25,1.9011,4059032.0,1166.88,4.1912,4891.0
2020-02-01,1.8711,6179233.0,1182.53,4.1251,4878.0
2020-02-08,1.8306,8581510.0,1186.49,4.0358,4788.0
2020-02-15,1.8237,8178848.0,1182.5,4.0206,4754.0
2020-02-22,1.7885,8030701.0,1196.99,3.943,4720.0
2020-02-29,1.7691,5549051.0,1215.7,3.9002,4741.0
2020-03-07,1.7461,6545705.0,1189.24,3.8495,4578.0
2020-03-14,1.8266,3985572.0,1201.78,4.027,4840.0
2020-03-21,1.7352,4334072.0,1242.58,3.8255,4753.0
2020-03-28,1.6921,2189208.0,1237.85,3.7304,4618.0
2020-04-04,1.624,3047503.0,1226.63,3.5803,4392.0
2020-04-11,1.2395,4049815.0,1219.44,2.7326,3332.0
2020-04-18,1.2516,5324223.0,1221.03,2.7593,3369.0
2020-04-25,1.1229,6639898.0,1228.86,2.4756,3042.0
2020-05-02,1.1285,4425229.0,1219.07,2.4879,3033.0
2020-05-09,1.1852,3688326.0,1222.44,2.6129,3194.0
2020-05-16,1.3141,4204886.0,1224.91,2.8971,3549.0
2020-05-23,1.4252,3993532.0,1230.92,3.142,3868.0
2020-05-30,1.5604,2943076.0,1237.04,3.4401,4256.0
2020-06-06,1.5985,11435775.0,1217.5,3.5241,4291.0
2020-06-13,1.8377,4277267.0,1197.13,4.0514,4850.0
2020-06-20,1.8427,2890749.0,1210.9,4.0625,4919.0
2020-06-27,1.8244,2415546.0,1204.75,4.0221,4846.0
2020-07-04,1.7988,1753529.0,1200.77,3.9657,4762.0
2020-07-11,1.8103,3474260.0,1196.78,3.991,4776.0
2020-07-18,1.7675,857174.0,1202.83,3.8967,4687.0
2020-07-25,1.7572,1360419.0,1198.76,3.874,4644.0
2020-08-01,1.7542,1499150.0,1195.21,3.8673,4622.0
2020-08-08,1.5523,2923698.0,1190.46,3.4222,4074.0
2020-08-15,1.5606,3021505.0,1185.0,3.4405,4077.0
2020-08-22,1.4846,3982946.0,1185.89,3.273,3881.0
2020-08-29,1.4984,6924365.0,1185.95,3.3034,3918.0
2020-09-05,1.4729,6110397.0,1187.81,3.2472,3857.0
2020-09-12,1.4926,2903385.0,1186.19,3.2906,3903.0
2020-09-19,1.4743,2985482.0,1174.94,3.2503,3819.0
2020-09-26,1.5136,3114073.0,1167.87,3.3369,3897.0
2020-10-03,1.5795,2055583.0,1166.57,3.4822,4062.0
2020-10-10,1.5332,2193990.0,1154.82,3.3801,3903.0
2020-10-17,1.5049,2636713.0,1145.96,3.3177,3802.0
2020-10-24,1.5068,3387298.0,1135.51,3.3219,3772.0
2020-10-31,1.4962,2402426.0,1130.91,3.2986,3730.0
2020-11-07,1.4573,2574616.0,1130.05,3.2128,3631.0
2020-11-14,1.4716,2021493.0,1113.3,3.2443,3612.0
2020-11-21,1.4915,1720279.0,1109.47,3.2882,3648.0
2020-11-28,1.4061,2004001.0,1111.06,3.0999,3444.0
2020-12-05,1.3878,3857445.0,1098.28,3.0596,3360.0
2020-12-12,1.4391,2549803.0,1085.89,3.1727,3445.0
2020-12-19,1.4794,3106826.0,1094.29,3.2615,3569.0
2020-12-26,1.484,2810794.0,1107.02,3.2717,3622.0
2021-01-02,1.5272,2482890.0,1090.49,3.3669,3672.0
2021-01-09,1.4884,3442929.0,1086.2,3.2814,3564.0
2021-01-16,1.4637,3852338.0,1098.61,3.2269,3545.0
2021-01-23,1.4149,4528076.0,1101.85,3.1193,3437.0
2021-01-30,1.4344,4931257.0,1107.73,3.1623,3503.0
2021-02-06,1.3458,4597857.0,1118.11,2.967,3317.0
2021-02-13,1.3328,6226634.0,1109.48,2.9383,3260.0
2021-02-20,1.3608,4606073.0,1105.36,3.0,3316.0
2021-02-27,1.3995,5062899.0,1113.02,3.0854,3434.0
2021-03-06,1.5087,3105069.0,1123.49,3.3261,3737.0
2021-03-13,1.6037,2571919.0,1136.28,3.5355,4017.0
2021-03-20,1.6233,3516444.0,1130.04,3.5788,4044.0
2021-03-27,1.5984,10347303.0,1130.61,3.5239,3984.0
2021-04-03,1.6732,3746406.0,1130.53,3.6888,4170.0
2021-04-10,1.775,5297906.0,1119.69,3.9132,4382.0
2021-04-17,1.8384,4343159.0,1119.33,4.053,4537.0
2021-04-24,1.824,2855657.0,1116.38,4.0212,4489.0
2021-05-01,1.8062,3015432.0,1111.38,3.982,4426.0
2021-05-08,1.8031,2539485.0,1122.75,3.9752,4463.0
2021-05-15,1.7901,3921445.0,1122.62,3.9465,4430.0
2021-05-22,1.8231,3233423.0,1129.64,4.0192,4540.0
2021-05-29,1.8284,3671117.0,1119.61,4.0309,4513.0
2021-06-05,1.7954,2726876.0,1111.62,3.9582,4400.0
2021-06-12,1.7968,2298211.0,1114.95,3.9613,4417.0
2021-06-19,1.7849,3186438.0,1123.95,3.935,4423.0
2021-06-26,1.7966,3695514.0,1132.8,3.9608,4487.0
2021-07-03,1.7704,2542070.0,1131.84,3.9031,4418.0
2021-07-10,1.7863,1190672.0,1142.87,3.9381,4501.0
2021-07-17,1.7284,3254891.0,1144.11,3.8105,4360.0
2021-07-24,1.7271,3254497.0,1150.83,3.8076,4382.0
2021-07-31,1.7221,2497749.0,1152.26,3.7966,4375.0
2021-08-07,1.7046,1977399.0,1146.31,3.758,4308.0
2021-08-14,1.6988,1910450.0,1157.11,3.7452,4334.0
2021-08-21,1.7317,1189054.0,1173.67,3.8177,4481.0
2021-08-28,1.6906,3437533.0,1166.36,3.7271,4347.0
2021-09-04,1.7526,1031626.0,1159.41,3.8638,4480.0
2021-09-11,1.7604,1485773.0,1167.08,3.881,4529.0
2021-09-18,1.7768,3096037.0,1171.84,3.9172,4590.0
2021-09-25,1.7874,2528583.0,1180.86,3.9405,4653.0
2021-10-02,1.7654,2826543.0,1182.44,3.892,4602.0
2021-10-09,1.7583,3190516.0,1189.73,3.8764,4612.0
2021-10-16,1.7249,2680806.0,1190.31,3.8027,4526.0
2021-10-23,1.7854,3757347.0,1178.4,3.9361,4638.0
2021-10-30,1.8405,2597341.0,1169.73,4.0576,4746.0
2021-11-06,1.8754,1832408.0,1181.88,4.1345,4886.0
2021-11-13,1.9506,2090884.0,1179.92,4.3003,5074.0
2021-11-20,1.9972,2138611.0,1183.13,4.4031,5209.0
2021-11-27,1.9814,868555.0,1189.02,4.3682,5194.0
2021-12-04,2.0368,2320128.0,1184.58,4.4904,5319.0
2021-12-11,2.0236,3437187.0,1178.26,4.4613,5257.0
2021-12-18,2.049,4202944.0,1183.51,4.5173,5346.0
2021-12-25,2.0652,2529440.0,1190.31,4.553,5419.0
2022-01-01,2.1678,2694503.0,1187.27,4.7792,5674.0
2022-01-08,2.3215,3522978.0,1197.47,5.118,6129.0
2022-01-15,2.5908,4213535.0,1191.2,5.7117,6804.0
2022-01-22,2.7252,4659236.0,1191.77,6.008,7160.0
2022-01-29,2.7962,3429836.0,1200.7,6.1646,7402.0
2022-02-05,2.6663,3825439.0,1204.74,5.8782,7082.0
2022-02-12,2.6031,4378293.0,1197.62,5.7388,6873.0
2022-02-19,2.69,4671666.0,1197.26,5.9304,7100.0
2022-02-26,2.7082,4339846.0,1197.44,5.9706,7149.0
2022-03-05,2.6894,4594688.0,1206.05,5.9291,7151.0
2022-03-12,2.7297,4576247.0,1231.53,6.018,7411.0
2022-03-19,2.7515,3719894.0,1227.74,6.066,7447.0
2022-03-26,2.7416,3639893.0,1218.07,6.0442,7362.0
2022-04-02,2.7878,3996599.0,1215.99,6.146,7473.0
2022-04-09,2.741,3906719.0,1216.78,6.0429,7353.0
2022-04-16,2.7831,3530711.0,1229.75,6.1357,7545.0
2022-04-23,2.7686,3847968.0,1236.67,6.1037,7548.0
2022-04-30,2.7671,3176675.0,1261.39,6.1004,7695.0
2022-05-07,2.7129,3924012.0,1265.38,5.9809,7568.0
2022-05-14,2.6992,3526110.0,1279.7,5.9507,7615.0
2022-05-21,2.7171,3768576.0,1274.05,5.9902,7632.0
2022-05-28,2.8195,4158425.0,1262.47,6.2159,7847.0
2022-06-04,2.8395,2999091.0,1244.43,6.26,7790.0
2022-06-11,2.9023,3926009.0,1257.45,6.3985,8046.0
2022-06-18,2.9728,4103321.0,1286.75,6.5539,8433.0
2022-06-25,2.9584,3356097.0,1297.51,6.5221,8462.0
2022-07-02,2.9233,3212125.0,1294.18,6.4448,8341.0
2022-07-09,2.974,2065253.0,1301.45,6.5565,8533.0
2022-07-16,2.9668,4205740.0,1312.07,6.5407,8582.0
2022-07-23,2.945,4270702.0,1312.74,6.4926,8523.0
2022-07-30,2.9328,4763896.0,1306.7,6.4657,8449.0
2022-08-06,2.9681,3191704.0,1305.64,6.5435,8543.0
2022-08-13,3.0253,3052590.0,1305.2,6.6696,8705.0
2022-08-20,2.9606,4287321.0,1314.0,6.527,8576.0
2022-08-27,2.9705,4112193.0,1337.5,6.5488,8759.0
2022-09-03,3.0304,3720638.0,1350.27,6.6809,9021.0
2022-09-10,3.0864,3145381.0,1379.98,6.8043,9390.0
2022-09-17,3.1419,4092414.0,1384.13,6.9267,9587.0
2022-09-24,3.1726,3580317.0,1400.11,6.9944,9793.0
2022-10-01,3.1374,4981978.0,1433.24,6.9168,9913.0
2022-10-08,3.191,3680632.0,1417.24,7.0349,9970.0
2022-10-15,3.2311,3145748.0,1429.41,7.1233,10182.0
2022-10-22,3.2445,2185873.0,1430.99,7.1529,10236.0
2022-10-29,3.1406,4748813.0,1427.59,6.9238,9884.0
2022-11-05,3.1173,2831785.0,1421.42,6.8725,9769.0
2022-11-12,2.8867,2758638.0,1382.26,6.3641,8797.0
2022-11-19,2.8992,3408372.0,1330.06,6.3916,8501.0
2022-11-26,2.9174,2040201.0,1347.31,6.4318,8666.0
2022-12-03,2.9491,3797613.0,1316.87,6.5016,8562.0
2022-12-10,2.9527,2953445.0,1310.66,6.5096,8532.0
2022-12-17,2.8346,4025551.0,1302.9,6.2492,8142.0
2022-12-24,2.7615,3951661.0,1286.62,6.0881,7833.0
2022-12-31,2.4626,4335687.0,1266.08,5.4291,6874.0
2023-01-07,2.48,3357290.0,1270.07,5.4675,6944.0
2023-01-14,2.4684,4321587.0,1244.14,5.4419,6770.0
2023-01-21,2.4691,4388567.0,1235.91,5.4434,6728.0
2023-01-28,2.4236,3819313.0,1231.51,5.3431,6580.0
2023-02-04,2.3798,3520084.0,1228.12,5.2466,6443.0
2023-02-11,2.4101,3913310.0,1258.4,5.3134,6686.0
2023-02-18,2.4378,3123449.0,1282.42,5.3744,6892.0
2023-02-25,2.4417,3940659.0,1300.42,5.383,7000.0
2023-03-04,2.4427,3965087.0,1315.12,5.3852,7082.0
2023-03-11,2.4356,3635747.0,1312.55,5.3696,7048.0
2023-03-18,2.4055,4851861.0,1308.05,5.3032,6937.0
2023-03-25,2.4255,3373073.0,1300.07,5.3473,6952.0
2023-04-01,2.4241,3252371.0,1301.07,5.3442,6953.0
2023-04-08,2.4244,3080480.0,1315.95,5.3449,7034.0
2023-04-15,2.3885,3769836.0,1315.25,5.2657,6926.0
2023-04-22,2.3911,3842835.0,1321.18,5.2715,6965.0
2023-04-29,2.4092,3728355.0,1335.85,5.3114,7095.0
2023-05-06,2.4205,5177290.0,1331.84,5.3363,7107.0
2023-05-13,2.4653,2554594.0,1325.48,5.435,7204.0
2023-05-20,2.4422,4311738.0,1334.41,5.3841,7185.0
2023-05-27,2.4891,3122149.0,1319.36,5.4875,7240.0
2023-06-03,2.4835,2210471.0,1318.92,5.4752,7221.0
2023-06-10,2.4758,3272347.0,1301.09,5.4582,7102.0
2023-06-17,2.4347,2987042.0,1278.24,5.3676,6861.0
2023-06-24,2.4148,3162968.0,1292.73,5.3237,6882.0
2023-07-01,2.4257,3843372.0,1309.63,5.3477,7004.0
2023-07-08,2.4594,2079831.0,1303.21,5.422,7066.0
2023-07-15,2.4431,5101877.0,1285.71,5.3861,6925.0
2023-07-22,2.5232,5424172.0,1269.32,5.5627,7061.0
2023-07-29,2.542,4161330.0,1276.76,5.6041,7155.0
2023-08-05,2.6351,3873851.0,1292.68,5.8094,7510.0
2023-08-12,2.6339,3294016.0,1315.42,5.8067,7638.0
2023-08-19,2.6862,4649891.0,1336.2,5.9221,7913.0
2023-08-26,2.6941,5460136.0,1332.36,5.9395,7914.0
2023-09-02,2.6765,3687024.0,1321.85,5.9007,7800.0
2023-09-09,2.6704,5065739.0,1332.22,5.8872,7843.0
2023-09-16,2.7069,4922432.0,1328.07,5.9677,7926.0
2023-09-23,2.7736,4475051.0,1331.82,6.1147,8144.0
2023-09-30,2.936,4609889.0,1347.61,6.4728,8723.0
2023-10-07,3.0906,3361816.0,1355.12,6.8136,9233.0
2023-10-14,3.274,3101681.0,1344.24,7.2179,9703.0
2023-10-21,3.3212,2888628.0,1353.43,7.322,9910.0
2023-10-28,3.2878,3053552.0,1351.98,7.2483,9800.0
2023-11-04,3.2554,3393965.0,1344.78,7.1769,9651.0
2023-11-11,3.1516,3481012.0,1306.54,6.9481,9078.0
2023-11-18,2.8544,2682848.0,1309.47,6.2929,8240.0
2023-11-25,2.757,2559147.0,1296.74,6.0781,7882.0
2023-12-02,2.6235,3874697.0,1297.24,5.7838,7503.0
2023-12-09,2.6206,3098542.0,1312.26,5.7774,7581.0
2023-12-16,2.6904,3232884.0,1308.38,5.9313,7760.0
2023-12-23,2.6055,3130257.0,1302.43,5.7441,7481.0
2023-12-30,2.6106,2931464.0,1291.76,5.7554,7435.0
2024-01-06,2.6687,1946142.0,1307.91,5.8835,7695.0
2024-01-13,2.6467,4850236.0,1315.67,5.835,7677.0
2024-01-20,2.616,4613888.0,1338.25,5.7673,7718.0
2024-01-27,2.6114,4889801.0,1336.37,5.7571,7694.0
2024-02-03,2.6637,4434555.0,1330.6,5.8724,7814.0
2024-02-10,2.7472,3171840.0,1329.27,6.0565,8051.0
2024-02-17,2.7585,4065624.0,1332.62,6.0814,8104.0
2024-02-24,2.7716,4628311.0,1332.4,6.1103,8141.0
2024-03-02,2.8196,2996224.0,1333.75,6.2161,8291.0
2024-03-09,2.822,3586770.0,1329.07,6.2214,8269.0
2024-03-16,2.8648,3321698.0,1317.12,6.3158,8319.0
2024-03-23,2.8481,3002757.0,1334.23,6.279,8378.0
2024-03-30,2.8656,3414585.0,1345.66,6.3176,8501.0
2024-04-06,2.8794,4267670.0,1349.61,6.348,8567.0
2024-04-13,2.909,4330583.0,1359.2,6.4132,8717.0
2024-04-20,2.9299,2556917.0,1382.71,6.4593,8931.0
2024-04-27,2.9736,4369726.0,1375.19,6.5557,9015.0
2024-05-04,2.9882,3681298.0,1376.93,6.5878,9071.0
2024-05-11,3.0244,3408575.0,1363.04,6.6677,9088.0
2024-05-18,3.0173,3782809.0,1359.36,6.652,9042.0
2024-05-25,3.0531,5271339.0,1362.66,6.7309,9172.0
2024-06-01,3.0829,2438894.0,1368.31,6.7966,9300.0
2024-06-08,3.0716,3967339.0,1371.26,6.7717,9286.0
2024-06-15,3.1204,1742741.0,1376.9,6.8793,9472.0
2024-06-22,3.1007,2683787.0,1383.48,6.8359,9457.0
2024-06-29,3.1312,2194989.0,1385.46,6.9031,9564.0
2024-07-06,3.1371,1975036.0,1383.57,6.9161,9569.0
2024-07-13,3.129,2398557.0,1379.06,6.8983,9513.0
2024-07-20,3.1248,3696518.0,1384.34,6.889,9537.0
2024-07-27,3.0898,4418596.0,1383.51,6.8118,9424.0
2024-08-03,3.1217,3045490.0,1372.82,6.8822,9448.0
2024-08-10,3.0962,3182599.0,1372.14,6.8259,9366.0
2024-08-17,3.1104,2985191.0,1362.01,6.8573,9340.0
2024-08-24,3.1006,5391234.0,1334.1,6.8356,9119.0
2024-08-31,3.1392,3824523.0,1332.52,6.9207,9222.0
2024-09-07,3.1689,3844448.0,1336.89,6.9862,9340.0
2024-09-14,3.1803,3219509.0,1339.35,7.0114,9391.0
2024-09-21,3.188,1955296.0,1326.26,7.0283,9321.0
2024-09-28,3.078,2766804.0,1324.69,6.7858,8989.0
2024-10-05,2.9019,4948341.0,1328.91,6.3976,8502.0
2024-10-12,2.7424,4716879.0,1347.55,6.0459,8147.0
2024-10-19,2.6445,6868941.0,1367.41,5.8301,7972.0
2024-10-26,2.6347,5825039.0,1382.26,5.8085,8029.0
2024-11-02,2.7099,2930475.0,1380.14,5.9743,8245.0
2024-11-09,2.7303,2501518.0,1387.35,6.0193,8351.0
2024-11-16,2.71,2625017.0,1403.18,5.9745,8383.0
2024-11-23,2.6547,1977833.0,1398.62,5.8526,8186.0
2024-11-30,2.6784,2162995.0,1396.46,5.9049,8246.0
2024-12-07,2.5856,2523045.0,1416.88,5.7003,8077.0
2024-12-14,2.5912,2406800.0,1431.09,5.7126,8175.0
2024-12-21,2.5639,4169005.0,1440.55,5.6524,8143.0
2024-12-28,2.5652,2578389.0,1461.8,5.6553,8267.0
2025-01-04,2.6348,3323962.0,1473.17,5.8087,8557.0
2025-01-11,2.5976,4222889.0,1460.96,5.7267,8366.0
2025-01-18,2.6135,3429975.0,1459.21,5.7618,8408.0
2025-01-25,2.5989,2734282.0,1433.63,5.7296,8214.0
2025-02-01,2.5669,2401560.0,1443.62,5.659,8169.0
2025-02-08,2.5394,4236098.0,1451.12,5.5984,8124.0
2025-02-15,2.4969,2498117.0,1448.73,5.5047,7975.0
2025-02-22,2.4586,4001394.0,1437.16,5.4203,7790.0
2025-03-01,2.4959,2549196.0,1440.63,5.5025,7927.0
2025-03-08,2.3495,4876536.0,1451.36,5.1798,7518.0
2025-03-15,2.3349,4851788.0,1453.81,5.1476,7484.0
2025-03-22,2.3289,5131068.0,1458.48,5.1343,7488.0
2025-03-29,2.3412,4705165.0,1466.52,5.1615,7569.0
2025-04-05,2.3603,3441106.0,1463.16,5.2036,7614.0
2025-04-12,2.3396,3551079.0,1458.02,5.1579,7520.0
2025-04-19,2.3701,3779440.0,1420.91,5.2252,7425.0
2025-04-26,2.3391,4029255.0,1429.02,5.1568,7369.0
2025-05-03,2.3576,3384950.0,1426.09,5.1976,7412.0
2025-05-10,2.3533,3424205.0,1389.25,5.1881,7208.0
2025-05-17,2.3505,3340784.0,1406.82,5.182,7290.0
2025-05-24,2.3597,3347293.0,1380.01,5.2022,7179.0
2025-05-31,2.4052,6065718.0,1375.83,5.3026,7295.0
2025-06-07,2.4483,4315183.0,1367.06,5.3976,7379.0
2025-06-14,2.4803,7345950.0,1362.45,5.4681,7450.0
2025-06-21,2.5052,5809851.0,1368.1,5.523,7556.0
2025-06-28,2.5255,4260566.0,1364.03,5.5678,7595.0
2025-07-05,2.5738,4311678.0,1358.28,5.6743,7707.0
2025-07-12,2.5846,3566250.0,1373.22,5.6981,7825.0
2025-07-19,2.5885,2055141.0,1388.01,5.7067,7921.0
2025-07-26,2.5461,1854026.0,1378.42,5.6132,7737.0
2025-08-02,2.5256,2922599.0,1390.99,5.568,7745.0
2025-08-09,2.524,2234421.0,1386.55,5.5645,7715.0
2025-08-16,2.4939,1737319.0,1387.1,5.4981,7626.0
2025-08-23,2.4442,2045542.0,1392.13,5.3885,7501.0
2025-08-30,2.3902,2311215.0,1390.35,5.2695,7326.0
2025-09-06,2.2698,1772029.0,1391.01,5.004,6961.0
2025-09-13,2.14,2111330.0,1388.89,4.7179,6553.0
2025-09-20,1.9837,4371426.0,1385.6,4.3733,6060.0
2025-09-27,1.896,3811243.0,1402.02,4.18,5860.0
2025-10-04,1.7469,5003678.0,1403.94,3.8513,5407.0
2025-10-11,1.7959,3135144.0,1419.97,3.9593,5622.0
2025-10-18,1.6952,2253662.0,1422.75,3.7373,5317.0
2025-10-25,1.7655,1981280.0,1431.3,3.8923,5571.0
2025-11-01,1.6672,3394689.0,1429.02,3.6755,5252.0
2025-11-08,1.6627,3422150.0,1444.43,3.6656,5295.0
2025-11-15,1.6022,3084812.0,1460.86,3.5322,5160.0
2025-11-22,1.6396,2769332.0,1466.44,3.6147,5301.0
2025-11-29,1.6398,1062137.0,1470.0,3.6151,5314.0
2025-12-06,1.5963,2075522.0,1469.8,3.5192,5173.0
2025-12-13,1.5209,5369226.0,1471.59,3.353,4934.0
2025-12-20,1.5286,3453596.0,1473.32,3.37,4965.0
2025-12-27,1.4879,2430795.0,1461.59,3.2803,4794.0
2026-01-03,1.4318,8382733.0,1440.58,3.1566,4547.0
2026-01-10,1.4241,3028640.0,1450.0,3.1396,4552.0
2026-01-17,1.413,3890546.0,1470.12,3.1151,4580.0
2026-01-24,1.3643,3647007.0,1467.88,3.0078,4415.0
2026-01-31,1.4969,3456963.0,1438.67,3.3001,4748.0
2026-02-07,1.5793,3234002.0,1456.97,3.4818,5073.0
2026-02-14,1.641,5183369.0,1448.92,3.6178,5242.0
2026-02-21,1.6656,4451670.0,1446.41,3.672,5311.0
2026-02-28,1.8204,6432180.0,1436.67,4.0133,5766.0
2026-03-07,1.8559,5019996.0,1470.89,4.0916,6018.0
2026-03-14,1.9373,5113935.0,1481.81,4.271,6329.0
2026-03-21,1.8913,4728915.0,1496.38,4.1696,6239.0
2026-03-28,1.903,4431358.0,1500.75,4.1954,6296.0
2026-04-04,1.8136,6504767.0,1514.64,3.9983,6056.0
2026-04-11,1.7767,6847684.0,1488.67,3.9169,5831.0
2026-04-18,1.7494,6645230.0,1474.54,3.8568,5687.0
2026-04-25,1.745,5357710.0,1477.02,3.8471,5682.0
2026-05-02,1.7117,3918148.0,1477.72,3.7736,5576.0
2026-05-09,1.6772,4041719.0,1463.27,3.6976,5411.0
2026-05-16,1.6207,4893198.0,1488.34,3.573,5318.0
2026-05-23,1.5825,6589508.0,1505.55,3.4888,5253.0
2026-05-30,1.5917,5903163.0,1501.23,3.5091,5268.0
2026-06-06,1.6053,5685021.0,1527.0,3.5391,5404.0
2026-06-13,1.6618,7064710.0,1525.45,3.6636,5589.0
2026-06-20,1.6359,6265265.0,1519.47,3.6065,5480.0
2026-06-27,1.5655,4546889.0,1537.54,3.4513,5307.0
2026-07-04,1.5802,2537173.0,1544.87,3.4837,5382.0
2026-07-11,1.6625,3169784.0,1513.28,3.6652,5546.0
2026-07-18,1.6262,3870422.0,1487.78,3.5852,5334.0
2026-07-25,1.5997,3279297.0,1474.07,3.5267,5199.0
2026-08-01,1.5585,5577170.0,1445.6,3.4359,4967.0
2026-08-08,1.475,4208102.0,1423.1,3.2518,4628.0
2026-08-15,1.4836,3507631.0,1415.81,3.2708,4631.0
2026-08-22,1.4531,6217424.0,1398.23,3.2035,4479.0
2026-08-29,1.5125,2533925.0,1382.72,3.3345,4611.0
2026-09-05,1.4723,3785581.0,1360.45,3.2459,4416.0
2026-09-12,1.4907,2648899.0,1341.74,3.2864,4409.0
2026-09-19,1.4412,2380092.0,1368.9,3.1773,4349.0
2026-09-26,1.3871,3461338.0,1365.36,3.058,4175.0
