observation_date,butter_eur_per_100kg,source,historical_publication_date
2001-01-07,324.03045174537993,European Commission MMO,
2001-01-14,322.7705464121132,European Commission MMO,
2001-01-21,319.5240157998683,European Commission MMO,
2001-01-28,319.6739499670837,European Commission MMO,
2001-02-04,316.60507570770244,European Commission MMO,
2001-02-11,311.4607899934167,European Commission MMO,
2001-02-18,314.0558525345622,European Commission MMO,
2001-02-25,312.9288610928242,European Commission MMO,
2001-03-04,312.62336405529953,European Commission MMO,
2001-03-11,311.527353522054,European Commission MMO,
2001-03-18,311.0768202764977,European Commission MMO,
2001-03-25,311.675418038183,European Commission MMO,
2001-04-01,312.07225148123763,European Commission MMO,
2001-04-08,314.9044042132982,European Commission MMO,
2001-04-15,316.000710994075,European Commission MMO,
2001-04-22,317.0251415404872,European Commission MMO,
2001-04-29,316.99202106649113,European Commission MMO,
2001-05-06,319.2239038841343,European Commission MMO,
2001-05-13,319.6454838709677,European Commission MMO,
2001-05-20,320.59591178406845,European Commission MMO,
2001-05-27,321.53878867676104,European Commission MMO,
2001-06-03,322.98930875576036,European Commission MMO,
2001-06-10,327.72541803818297,European Commission MMO,
2001-06-17,329.9942396313364,European Commission MMO,
2001-06-24,330.66287689269257,European Commission MMO,
2001-07-01,330.1173996050033,European Commission MMO,
2001-07-08,332.87092824226465,European Commission MMO,
2001-07-15,331.82957208689925,European Commission MMO,
2001-07-22,332.0857011191573,European Commission MMO,
2001-07-29,331.8407768268598,European Commission MMO,
2001-08-05,330.5952534562212,European Commission MMO,
2001-08-12,328.4765964450296,European Commission MMO,
2001-08-19,325.5019091507571,European Commission MMO,
2001-08-26,324.2736405529954,European Commission MMO,
2001-09-02,324.36371955233705,European Commission MMO,
2001-09-09,322.95106649111256,European Commission MMO,
2001-09-16,324.10450296247535,European Commission MMO,
2001-09-23,322.9322251481238,European Commission MMO,
2001-09-30,320.4292626728111,European Commission MMO,
2001-10-07,320.61979591836734,European Commission MMO,
2001-10-14,317.9531204739961,European Commission MMO,
2001-10-21,317.1704344963792,European Commission MMO,
2001-10-28,315.6285582620145,European Commission MMO,
2001-11-04,312.5347267939433,European Commission MMO,
2001-11-11,308.3174193548387,European Commission MMO,
2001-11-18,308.27270572745226,European Commission MMO,
2001-11-25,306.6037985516788,European Commission MMO,
2001-12-02,305.5143910467413,European Commission MMO,
2001-12-09,302.8163001974983,European Commission MMO,
2001-12-16,302.8517050691244,European Commission MMO,
2001-12-23,303.3887820934826,European Commission MMO,
2001-12-30,303.48806451612904,European Commission MMO,
2002-01-06,303.3849572086899,European Commission MMO,
2002-01-13,302.75307439104677,European Commission MMO,
2002-01-20,298.7872811059908,European Commission MMO,
2002-01-27,297.23324555628705,European Commission MMO,
2002-02-03,297.7341935483871,European Commission MMO,
2002-02-10,297.19475971033575,European Commission MMO,
2002-02-17,297.1983673469388,European Commission MMO,
2002-02-24,297.21447004608297,European Commission MMO,
2002-03-03,297.3649637919684,European Commission MMO,
2002-03-10,297.40027649769587,European Commission MMO,
2002-03-17,297.0481764318631,European Commission MMO,
2002-03-24,297.06984858459515,European Commission MMO,
2002-03-31,297.1333508887426,European Commission MMO,
2002-04-07,297.20796576695193,European Commission MMO,
2002-04-14,297.167228439763,European Commission MMO,
2002-04-21,296.8000921658986,European Commission MMO,
2002-04-28,296.2499934167215,European Commission MMO,
2002-05-05,296.2615799868334,European Commission MMO,
2002-05-12,295.85793285055956,European Commission MMO,
2002-05-19,295.864832126399,European Commission MMO,
2002-05-26,295.6503357472021,European Commission MMO,
2002-06-02,295.8196181698486,European Commission MMO,
2002-06-09,295.5416458196182,European Commission MMO,
2002-06-16,295.81918367346935,European Commission MMO,
2002-06-23,296.6063726135615,European Commission MMO,
2002-06-30,296.8055167873601,European Commission MMO,
2002-07-07,297.1425806451613,European Commission MMO,
2002-07-14,297.3145622119816,European Commission MMO,
2002-07-21,298.3858196181699,European Commission MMO,
2002-07-28,298.66136932192234,European Commission MMO,
2002-08-04,298.7757340355497,European Commission MMO,
2002-08-11,299.19206056616196,European Commission MMO,
2002-08-18,298.6100724160632,European Commission MMO,
2002-08-25,299.9638841342989,European Commission MMO,
2002-09-01,300.43974983541807,European Commission MMO,
2002-09-08,301.3717445687953,European Commission MMO,
2002-09-15,303.86450296247534,European Commission MMO,
2002-09-22,304.6926793943384,European Commission MMO,
2002-09-29,304.5029493087558,European Commission MMO,
2002-10-06,305.5741935483871,European Commission MMO,
2002-10-13,305.7074391046741,European Commission MMO,
2002-10-20,305.7762606978275,European Commission MMO,
2002-10-27,305.8245556287031,European Commission MMO,
2002-11-03,305.47753785385123,European Commission MMO,
2002-11-10,304.97200789993417,European Commission MMO,
2002-11-17,304.64830809743256,European Commission MMO,
2002-11-24,304.43760368663595,European Commission MMO,
2002-12-01,303.56387096774193,European Commission MMO,
2002-12-08,302.766991441738,European Commission MMO,
2002-12-15,301.73905200789994,European Commission MMO,
2002-12-22,302.1285385121791,European Commission MMO,
2002-12-29,300.96585911784064,European Commission MMO,
2003-01-05,300.9795523370638,European Commission MMO,
2003-01-12,300.9710072416063,European Commission MMO,
2003-01-19,300.7800526662278,European Commission MMO,
2003-01-26,300.0292429229757,European Commission MMO,
2003-02-02,300.37396971691896,European Commission MMO,
2003-02-09,300.30697827518105,European Commission MMO,
2003-02-16,300.1683344305464,European Commission MMO,
2003-02-23,299.62920342330483,European Commission MMO,
2003-03-02,300.05670836076365,European Commission MMO,
2003-03-09,299.88984858459514,European Commission MMO,
2003-03-16,300.0036866359447,European Commission MMO,
2003-03-23,300.15719552337066,European Commission MMO,
2003-03-30,300.45606319947336,European Commission MMO,
2003-04-06,300.1639499670836,European Commission MMO,
2003-04-13,300.1614746543779,European Commission MMO,
2003-04-20,299.978564845293,European Commission MMO,
2003-04-27,299.5408426596445,European Commission MMO,
2003-05-04,299.62081632653064,European Commission MMO,
2003-05-11,299.1531402238315,European Commission MMO,
2003-05-18,298.6783541803818,European Commission MMO,
2003-05-25,300.13736739974127,European Commission MMO,
2003-06-01,299.56797542043984,European Commission MMO,
2003-06-08,299.88832470892623,European Commission MMO,
2003-06-15,301.2448253557568,European Commission MMO,
2003-06-22,301.5780142302717,European Commission MMO,
2003-06-29,301.8658732212161,European Commission MMO,
2003-07-06,303.5485640362225,European Commission MMO,
2003-07-13,304.2051617076326,European Commission MMO,
2003-07-20,303.4962871927555,European Commission MMO,
2003-07-27,303.379702457956,European Commission MMO,
2003-08-03,304.0190685640363,European Commission MMO,
2003-08-10,304.12222509702457,European Commission MMO,
2003-08-17,304.4533505821475,European Commission MMO,
2003-08-24,305.6638421733506,European Commission MMO,
2003-08-31,307.8477749029754,European Commission MMO,
2003-09-07,308.9488745148771,European Commission MMO,
2003-09-14,308.91071151358346,European Commission MMO,
2003-09-21,309.79077619663644,European Commission MMO,
2003-09-28,310.4405174644243,European Commission MMO,
2003-10-05,310.25978007761967,European Commission MMO,
2003-10-12,310.0341655886158,European Commission MMO,
2003-10-19,309.8086028460544,European Commission MMO,
2003-10-26,309.7622897800776,European Commission MMO,
2003-11-02,309.74508408796896,European Commission MMO,
2003-11-09,309.78827943078915,European Commission MMO,
2003-11-16,309.26142302716687,European Commission MMO,
2003-11-23,309.02940491591204,European Commission MMO,
2003-11-30,309.0050582147477,European Commission MMO,
2003-12-07,308.3431953428202,European Commission MMO,
2003-12-14,307.6100776196637,European Commission MMO,
2003-12-21,306.8926778783959,European Commission MMO,
2003-12-28,305.91659767141005,European Commission MMO,
2004-01-04,305.3517205692109,European Commission MMO,
2004-01-11,304.8346701164295,European Commission MMO,
2004-01-18,302.78056921086676,European Commission MMO,
2004-01-25,302.10571798188874,European Commission MMO,
2004-02-01,300.32329883570503,European Commission MMO,
2004-02-08,299.8061966364812,European Commission MMO,
2004-02-15,299.05535575679176,European Commission MMO,
2004-02-22,298.95851228978006,European Commission MMO,
2004-02-29,298.40382923673997,European Commission MMO,
2004-03-07,298.99011642949546,European Commission MMO,
2004-03-14,297.471319534282,European Commission MMO,
2004-03-21,297.8209508408797,European Commission MMO,
2004-03-28,298.5373479948253,European Commission MMO,
2004-04-04,298.698978007762,European Commission MMO,
2004-04-11,298.4076002587322,European Commission MMO,
2004-04-18,299.4497671410091,European Commission MMO,
2004-04-25,298.88474126778783,European Commission MMO,
2004-05-02,287.92945976364655,European Commission MMO,
2004-05-09,290.910776589758,European Commission MMO,
2004-05-16,291.5641868317389,European Commission MMO,
2004-05-23,292.79314012380416,European Commission MMO,
2004-05-30,292.5673382104671,European Commission MMO,
2004-06-06,293.8543950478334,European Commission MMO,
2004-06-13,294.2456612267867,European Commission MMO,
2004-06-20,294.8739954980304,European Commission MMO,
2004-06-27,295.4750759707372,European Commission MMO,
2004-07-04,297.42999437253803,European Commission MMO,
2004-07-11,296.87118739448505,European Commission MMO,
2004-07-18,297.31212718064154,European Commission MMO,
2004-07-25,296.64494091164886,European Commission MMO,
2004-08-01,296.91097917839056,European Commission MMO,
2004-08-08,297.0398368036016,European Commission MMO,
2004-08-15,297.4771243669106,European Commission MMO,
2004-08-22,296.689628587507,European Commission MMO,
2004-08-29,297.82101857062463,European Commission MMO,
2004-09-05,296.98583005064717,European Commission MMO,
2004-09-12,296.95051209904324,European Commission MMO,
2004-09-19,296.57838491840175,European Commission MMO,
2004-09-26,295.60425998874507,European Commission MMO,
2004-10-03,294.9274845244795,European Commission MMO,
2004-10-10,294.1910804727068,European Commission MMO,
2004-10-17,294.3763252673044,European Commission MMO,
2004-10-24,294.65521665728755,European Commission MMO,
2004-10-31,294.11742262239727,European Commission MMO,
2004-11-07,293.4627518289251,European Commission MMO,
2004-11-14,294.05002813731,European Commission MMO,
2004-11-21,293.90171074845244,European Commission MMO,
2004-11-28,292.82077658975805,European Commission MMO,
2004-12-05,293.4205120990433,European Commission MMO,
2004-12-12,293.1826505346089,European Commission MMO,
2004-12-19,291.83329769274053,European Commission MMO,
2004-12-26,290.8242374788969,European Commission MMO,
2005-01-02,290.19807540799104,European Commission MMO,
2005-01-09,289.12712436691055,European Commission MMO,
2005-01-16,288.6973269555431,European Commission MMO,
2005-01-23,287.0873325830051,European Commission MMO,
2005-01-30,287.7237028700056,European Commission MMO,
2005-02-06,286.5175126617895,European Commission MMO,
2005-02-13,283.2782779966235,European Commission MMO,
2005-02-20,282.9312830613393,European Commission MMO,
2005-02-27,282.3901350590883,European Commission MMO,
2005-03-06,281.77116488463696,European Commission MMO,
2005-03-13,280.53470455824424,European Commission MMO,
2005-03-20,279.52857625211027,European Commission MMO,
2005-03-27,278.24924029262803,European Commission MMO,
2005-04-03,279.1066910523354,European Commission MMO,
2005-04-10,278.34561057962856,European Commission MMO,
2005-04-17,277.711947101857,European Commission MMO,
2005-04-24,276.8356949915588,European Commission MMO,
2005-05-01,276.760770962296,European Commission MMO,
2005-05-08,276.15639842431057,European Commission MMO,
2005-05-15,276.35020258863256,European Commission MMO,
2005-05-22,276.8383736634778,European Commission MMO,
2005-05-29,277.64750703432753,European Commission MMO,
2005-06-05,277.9603489026449,European Commission MMO,
2005-06-12,278.4817445132245,European Commission MMO,
2005-06-19,278.93235227912214,European Commission MMO,
2005-06-26,277.44198086662914,European Commission MMO,
2005-07-03,276.7075351716376,European Commission MMO,
2005-07-10,273.3604783342713,European Commission MMO,
2005-07-17,273.26464265616204,European Commission MMO,
2005-07-24,272.74585818795725,European Commission MMO,
2005-07-31,271.8501238041643,European Commission MMO,
2005-08-07,271.45727630838485,European Commission MMO,
2005-08-14,270.5969724254361,European Commission MMO,
2005-08-21,270.3112886888013,European Commission MMO,
2005-08-28,269.880776589758,European Commission MMO,
2005-09-04,269.97101294316263,European Commission MMO,
2005-09-11,270.7961001688239,European Commission MMO,
2005-09-18,269.638840742825,European Commission MMO,
2005-09-25,269.2582273494654,European Commission MMO,
2005-10-02,268.71928531232413,European Commission MMO,
2005-10-09,268.6390545863816,European Commission MMO,
2005-10-16,267.95620709060216,European Commission MMO,
2005-10-23,267.4358919527293,European Commission MMO,
2005-10-30,267.2263421496905,European Commission MMO,
2005-11-06,266.6294203714125,European Commission MMO,
2005-11-13,266.06016882386047,European Commission MMO,
2005-11-20,265.8244850872257,European Commission MMO,
2005-11-27,265.58268992684305,European Commission MMO,
2005-12-04,266.3626111423748,European Commission MMO,
2005-12-11,265.94042768711313,European Commission MMO,
2005-12-18,265.7882442318514,European Commission MMO,
2005-12-25,265.8436297129995,European Commission MMO,
2006-01-01,265.1207090602138,European Commission MMO,
2006-01-08,264.1964603263928,European Commission MMO,
2006-01-15,262.9377377602701,European Commission MMO,
2006-01-22,261.6675858187957,European Commission MMO,
2006-01-29,262.10330894766463,European Commission MMO,
2006-02-05,259.6939167135622,European Commission MMO,
2006-02-12,259.29908835115367,European Commission MMO,
2006-02-19,258.7451885199775,European Commission MMO,
2006-02-26,258.3680191333709,European Commission MMO,
2006-03-05,258.1429206527856,European Commission MMO,
2006-03-12,257.37032076533484,European Commission MMO,
2006-03-19,257.6201181767023,European Commission MMO,
2006-03-26,256.8869724254361,European Commission MMO,
2006-04-02,256.8691502532358,European Commission MMO,
2006-04-09,255.0672537985368,European Commission MMO,
2006-04-16,254.68154192459204,European Commission MMO,
2006-04-23,253.96746764209345,European Commission MMO,
2006-04-30,253.6522172200338,European Commission MMO,
2006-05-07,255.17359032076536,European Commission MMO,
2006-05-14,250.9194091164884,European Commission MMO,
2006-05-21,250.52504220596515,European Commission MMO,
2006-05-28,248.03781654473838,European Commission MMO,
2006-06-04,246.1509341586944,European Commission MMO,
2006-06-11,244.67397298818236,European Commission MMO,
2006-06-18,247.18519977490152,European Commission MMO,
2006-06-25,245.22241980866633,European Commission MMO,
2006-07-02,243.70416432189083,European Commission MMO,
2006-07-09,244.40817107484517,European Commission MMO,
2006-07-16,244.02190770962295,European Commission MMO,
2006-07-23,244.1108553742262,European Commission MMO,
2006-07-30,243.6045976364659,European Commission MMO,
2006-08-06,242.81473832301634,European Commission MMO,
2006-08-13,243.424231851435,European Commission MMO,
2006-08-20,243.46401238041642,European Commission MMO,
2006-08-27,243.21942599887453,European Commission MMO,
2006-09-03,243.78133933595944,European Commission MMO,
2006-09-10,244.04088351153632,European Commission MMO,
2006-09-17,244.5242993809791,European Commission MMO,
2006-09-24,244.7072875633089,European Commission MMO,
2006-10-01,252.4601688238604,European Commission MMO,
2006-10-08,251.19737197523912,European Commission MMO,
2006-10-15,253.2284186831739,European Commission MMO,
2006-10-22,253.0117557681485,European Commission MMO,
2006-10-29,254.35283624085534,European Commission MMO,
2006-11-05,253.8247270680923,European Commission MMO,
2006-11-12,255.92361845807542,European Commission MMO,
2006-11-19,254.98195835678106,European Commission MMO,
2006-11-26,256.46779403489023,European Commission MMO,
2006-12-03,256.55503095104103,European Commission MMO,
2006-12-10,258.091570061902,European Commission MMO,
2006-12-17,255.79826111423748,European Commission MMO,
2006-12-24,257.45511536297136,European Commission MMO,
2006-12-31,256.26409679234666,European Commission MMO,
2007-01-07,253.72882948790104,European Commission MMO,
2007-01-14,252.60350028137313,European Commission MMO,
2007-01-21,251.00615081598207,European Commission MMO,
2007-01-28,250.82188519977493,European Commission MMO,
2007-02-04,248.60385481148006,European Commission MMO,
2007-02-11,249.2041136747327,European Commission MMO,
2007-02-18,248.0941812042769,European Commission MMO,
2007-02-25,251.43036578503094,European Commission MMO,
2007-03-04,249.79532357906587,European Commission MMO,
2007-03-11,253.80694991558812,European Commission MMO,
2007-03-18,256.59235227912205,European Commission MMO,
2007-03-25,258.33813731007314,European Commission MMO,
2007-04-01,262.0335227912212,European Commission MMO,
2007-04-08,263.85711311198645,European Commission MMO,
2007-04-15,265.6342712436691,European Commission MMO,
2007-04-22,270.0958019133371,European Commission MMO,
2007-04-29,268.6686888013506,European Commission MMO,
2007-05-06,273.5401857062465,European Commission MMO,
2007-05-13,276.83364659538546,European Commission MMO,
2007-05-20,280.57260551491277,European Commission MMO,
2007-05-27,286.53341024198085,European Commission MMO,
2007-06-03,291.458092290377,European Commission MMO,
2007-06-10,296.6109397861565,European Commission MMO,
2007-06-17,310.8589138998312,European Commission MMO,
2007-06-24,309.3437366347777,European Commission MMO,
2007-07-01,317.8644794597637,European Commission MMO,
2007-07-08,335.50769274057404,European Commission MMO,
2007-07-15,343.24979741136747,European Commission MMO,
2007-07-22,354.0559088351153,European Commission MMO,
2007-07-29,361.86078221721993,European Commission MMO,
2007-08-05,366.8607090602138,European Commission MMO,
2007-08-12,389.3181373100732,European Commission MMO,
2007-08-19,398.0014181204277,European Commission MMO,
2007-08-26,398.3766516601013,European Commission MMO,
2007-09-02,405.238857625211,European Commission MMO,
2007-09-09,405.1386494091165,European Commission MMO,
2007-09-16,408.018469330332,European Commission MMO,
2007-09-23,411.3827743387733,European Commission MMO,
2007-09-30,410.5027518289251,European Commission MMO,
2007-10-07,417.27548114800214,European Commission MMO,
2007-10-14,421.15906021384353,European Commission MMO,
2007-10-21,420.3440180078785,European Commission MMO,
2007-10-28,409.3940574001126,European Commission MMO,
2007-11-04,412.51733821046713,European Commission MMO,
2007-11-11,398.58010129431625,European Commission MMO,
2007-11-18,388.79514350028137,European Commission MMO,
2007-11-25,385.0051660101294,European Commission MMO,
2007-12-02,371.9278277996623,European Commission MMO,
2007-12-09,353.8641474395048,European Commission MMO,
2007-12-16,339.96626899268426,European Commission MMO,
2007-12-23,332.39759144625776,European Commission MMO,
2007-12-30,316.946910523354,European Commission MMO,
2008-01-06,302.7200450196961,European Commission MMO,
2008-01-13,289.8095948227349,European Commission MMO,
2008-01-20,295.4921947101857,European Commission MMO,
2008-01-27,289.7845638716938,European Commission MMO,
2008-02-03,295.2899043331458,European Commission MMO,
2008-02-10,293.58127743387735,European Commission MMO,
2008-02-17,296.6140517726505,European Commission MMO,
2008-02-24,291.025368598762,European Commission MMO,
2008-03-02,286.3104952166573,European Commission MMO,
2008-03-09,285.8855655599325,European Commission MMO,
2008-03-16,284.8371187394485,European Commission MMO,
2008-03-23,284.90302757456385,European Commission MMO,
2008-03-30,279.5451772650535,European Commission MMO,
2008-04-06,274.73602138435564,European Commission MMO,
2008-04-13,272.261913337085,European Commission MMO,
2008-04-20,272.8166291502533,European Commission MMO,
2008-04-27,273.3555261676983,European Commission MMO,
2008-05-04,272.88885762521096,European Commission MMO,
2008-05-11,268.6712492965672,European Commission MMO,
2008-05-18,268.7752054023635,European Commission MMO,
2008-05-25,270.81833989870563,European Commission MMO,
2008-06-01,275.49119864940906,European Commission MMO,
2008-06-08,274.00285875070347,European Commission MMO,
2008-06-15,277.69656724817105,European Commission MMO,
2008-06-22,278.58424873382097,European Commission MMO,
2008-06-29,281.21630275745633,European Commission MMO,
2008-07-06,286.61091164884635,European Commission MMO,
2008-07-13,290.70645469893077,European Commission MMO,
2008-07-20,293.70848621271807,European Commission MMO,
2008-07-27,287.5158019133371,European Commission MMO,
2008-08-03,285.5685931344963,European Commission MMO,
2008-08-10,283.267687113112,European Commission MMO,
2008-08-17,282.4357062464829,European Commission MMO,
2008-08-24,278.80683173888576,European Commission MMO,
2008-08-31,274.1386268992684,European Commission MMO,
2008-09-07,266.6079516038267,European Commission MMO,
2008-09-14,272.61000000000007,European Commission MMO,
2008-09-21,264.21897017445133,European Commission MMO,
2008-09-28,257.40810917276315,European Commission MMO,
2008-10-05,262.8400112549241,European Commission MMO,
2008-10-12,247.66864940911648,European Commission MMO,
2008-10-19,243.78768148564998,European Commission MMO,
2008-10-26,237.83917276308384,European Commission MMO,
2008-11-02,236.91043894203713,European Commission MMO,
2008-11-09,237.37774901519413,European Commission MMO,
2008-11-16,230.78229600450197,European Commission MMO,
2008-11-23,227.24411930219475,European Commission MMO,
2008-11-30,225.72625211029822,European Commission MMO,
2008-12-07,227.0897749015194,European Commission MMO,
2008-12-14,224.97333145751261,European Commission MMO,
2008-12-21,225.96736634777713,European Commission MMO,
2008-12-28,226.17792909397858,European Commission MMO,
2009-01-04,224.77268429938096,European Commission MMO,
2009-01-11,222.79722566122678,European Commission MMO,
2009-01-18,223.20865503657848,European Commission MMO,
2009-01-25,213.6918120427687,European Commission MMO,
2009-02-01,212.04479459763644,European Commission MMO,
2009-02-08,213.66990996060778,European Commission MMO,
2009-02-15,216.2445357343838,European Commission MMO,
2009-02-22,215.2516544738323,European Commission MMO,
2009-03-01,216.23998874507598,European Commission MMO,
2009-03-08,214.96294879009562,European Commission MMO,
2009-03-15,213.17989870568374,European Commission MMO,
2009-03-22,212.7075914462577,European Commission MMO,
2009-03-29,214.77986494091166,European Commission MMO,
2009-04-05,216.35115925717506,European Commission MMO,
2009-04-12,217.51620709060214,European Commission MMO,
2009-04-19,217.64763083849186,European Commission MMO,
2009-04-26,218.55444006752953,European Commission MMO,
2009-05-03,217.07578503095104,European Commission MMO,
2009-05-10,219.06457512661788,European Commission MMO,
2009-05-17,218.16559932470457,European Commission MMO,
2009-05-24,218.2009960607766,European Commission MMO,
2009-05-31,219.91283624085537,European Commission MMO,
2009-06-07,218.93776027011816,European Commission MMO,
2009-06-14,220.38837366347775,European Commission MMO,
2009-06-21,219.72887450759706,European Commission MMO,
2009-06-28,221.52271806415305,European Commission MMO,
2009-07-05,223.7022903770399,European Commission MMO,
2009-07-12,221.8801125492403,European Commission MMO,
2009-07-19,224.6337253798537,European Commission MMO,
2009-07-26,225.63272931907713,European Commission MMO,
2009-08-02,226.6593978615644,European Commission MMO,
2009-08-09,230.19581316826108,European Commission MMO,
2009-08-16,227.29070906021386,European Commission MMO,
2009-08-23,232.70535734383787,European Commission MMO,
2009-08-30,235.74023072594264,European Commission MMO,
2009-09-06,236.70912774338774,European Commission MMO,
2009-09-13,239.7106696679798,European Commission MMO,
2009-09-20,243.39894766460327,European Commission MMO,
2009-09-27,243.1913956105797,European Commission MMO,
2009-10-04,251.76526730444573,European Commission MMO,
2009-10-11,260.6421553179516,European Commission MMO,
2009-10-18,271.9100956668543,European Commission MMO,
2009-10-25,273.0837197523917,European Commission MMO,
2009-11-01,278.5060213843557,European Commission MMO,
2009-11-08,290.69612830613386,European Commission MMO,
2009-11-15,288.0270680922904,European Commission MMO,
2009-11-22,295.006156443444,European Commission MMO,
2009-11-29,295.55539110861,European Commission MMO,
2009-12-06,298.8516432189083,European Commission MMO,
2009-12-13,302.0808835115363,European Commission MMO,
2009-12-20,306.4337366347777,European Commission MMO,
2009-12-27,309.0047552054024,European Commission MMO,
2010-01-03,301.3574563871694,European Commission MMO,
2010-01-10,295.4031176139561,European Commission MMO,
2010-01-17,293.77969611705123,European Commission MMO,
2010-01-24,293.79230725942597,European Commission MMO,
2010-01-31,284.4032583005065,European Commission MMO,
2010-02-07,284.2717670230726,European Commission MMO,
2010-02-14,281.54947101857067,European Commission MMO,
2010-02-21,282.6087169386607,European Commission MMO,
2010-02-28,283.08092290377044,European Commission MMO,
2010-03-07,277.79110861001686,European Commission MMO,
2010-03-14,279.0680585256049,European Commission MMO,
2010-03-21,279.1674507597074,European Commission MMO,
2010-03-28,282.92968486212715,European Commission MMO,
2010-04-04,287.57877884074287,European Commission MMO,
2010-04-11,285.37000562746204,European Commission MMO,
2010-04-18,287.6414350028137,European Commission MMO,
2010-04-25,299.1883005064716,European Commission MMO,
2010-05-02,301.5222172200338,European Commission MMO,
2010-05-09,316.45943725379857,European Commission MMO,
2010-05-16,326.1808610016883,European Commission MMO,
2010-05-23,342.5146370287,European Commission MMO,
2010-05-30,340.5474957794035,European Commission MMO,
2010-06-06,343.8596454698931,European Commission MMO,
2010-06-13,341.3979403489026,European Commission MMO,
2010-06-20,351.4964772087789,European Commission MMO,
2010-06-27,355.130416432189,European Commission MMO,
2010-07-04,358.70421496904896,European Commission MMO,
2010-07-11,361.5549409116488,European Commission MMO,
2010-07-18,367.7065053460889,European Commission MMO,
2010-07-25,364.2375014068654,European Commission MMO,
2010-08-01,361.64052335396735,European Commission MMO,
2010-08-08,366.539240292628,European Commission MMO,
2010-08-15,366.26805852560506,European Commission MMO,
2010-08-22,364.901153629713,European Commission MMO,
2010-08-29,357.5297355092853,European Commission MMO,
2010-09-05,355.9919020821609,European Commission MMO,
2010-09-12,356.8866235227912,European Commission MMO,
2010-09-19,357.11675295441745,European Commission MMO,
2010-09-26,360.91987619583557,European Commission MMO,
2010-10-03,358.7706133933597,European Commission MMO,
2010-10-10,361.48294316263355,European Commission MMO,
2010-10-17,361.4973157006191,European Commission MMO,
2010-10-24,362.8875633089476,European Commission MMO,
2010-10-31,359.4306415306696,European Commission MMO,
2010-11-07,355.0942656162071,European Commission MMO,
2010-11-14,358.24068092290366,European Commission MMO,
2010-11-21,358.30950478334273,European Commission MMO,
2010-11-28,357.28292628024764,European Commission MMO,
2010-12-05,355.8738998311762,European Commission MMO,
2010-12-12,350.53785593697245,European Commission MMO,
2010-12-19,350.8137816544738,European Commission MMO,
2010-12-26,359.4758581879572,European Commission MMO,
2011-01-02,349.74788970174455,European Commission MMO,
2011-01-09,352.36141812042774,European Commission MMO,
2011-01-16,351.5144794597637,European Commission MMO,
2011-01-23,351.5055711873945,European Commission MMO,
2011-01-30,353.148092290377,European Commission MMO,
2011-02-06,363.3238154192459,European Commission MMO,
2011-02-13,370.92101294316257,European Commission MMO,
2011-02-20,376.41867191896455,European Commission MMO,
2011-02-27,372.7546989307823,European Commission MMO,
2011-03-06,385.1214631401238,European Commission MMO,
2011-03-13,383.6727968486213,European Commission MMO,
2011-03-20,381.68159819921215,European Commission MMO,
2011-03-27,381.67214969048956,European Commission MMO,
2011-04-03,376.43926280247604,European Commission MMO,
2011-04-10,382.41602701181773,European Commission MMO,
2011-04-17,382.8427630838493,European Commission MMO,
2011-04-24,373.4408778840743,European Commission MMO,
2011-05-01,374.9011873944851,European Commission MMO,
2011-05-08,379.8351153629713,European Commission MMO,
2011-05-15,382.49626336522243,European Commission MMO,
2011-05-22,382.01359594822736,European Commission MMO,
2011-05-29,383.43043894203714,European Commission MMO,
2011-06-05,385.7153235790658,European Commission MMO,
2011-06-12,393.087698368036,European Commission MMO,
2011-06-19,392.5476027011818,European Commission MMO,
2011-06-26,392.7376646032639,European Commission MMO,
2011-07-03,389.53646595385476,European Commission MMO,
2011-07-10,398.44259425998877,European Commission MMO,
2011-07-17,399.6465278559369,European Commission MMO,
2011-07-24,393.1377658975802,European Commission MMO,
2011-07-31,394.37952166572876,European Commission MMO,
2011-08-07,392.50478334271236,European Commission MMO,
2011-08-14,387.5851997749015,European Commission MMO,
2011-08-21,389.7145638716939,European Commission MMO,
2011-08-28,390.483477771525,European Commission MMO,
2011-09-04,392.4282386043895,European Commission MMO,
2011-09-11,389.3117895329206,European Commission MMO,
2011-09-18,392.54383792909397,European Commission MMO,
2011-09-25,387.543849184018,European Commission MMO,
2011-10-02,388.7821215531795,European Commission MMO,
2011-10-09,389.88168823860434,European Commission MMO,
2011-10-16,387.60109735509286,European Commission MMO,
2011-10-23,386.3020540236352,European Commission MMO,
2011-10-30,386.89484524479457,European Commission MMO,
2011-11-06,385.35135059088344,European Commission MMO,
2011-11-13,381.1123410241981,European Commission MMO,
2011-11-20,379.41440067529544,European Commission MMO,
2011-11-27,370.68641530669663,European Commission MMO,
2011-12-04,360.5813111986494,European Commission MMO,
2011-12-11,362.80603826674167,European Commission MMO,
2011-12-18,355.1685199774901,European Commission MMO,
2011-12-25,357.100377039955,European Commission MMO,
2012-01-01,353.56550365785023,European Commission MMO,
2012-01-08,357.04308384918403,European Commission MMO,
2012-01-15,348.13129431626334,European Commission MMO,
2012-01-22,345.6424029262802,European Commission MMO,
2012-01-29,344.66521102982557,European Commission MMO,
2012-02-05,346.8250703432751,European Commission MMO,
2012-02-12,338.12759707371976,European Commission MMO,
2012-02-19,334.8692121553179,European Commission MMO,
2012-02-26,325.81806978052896,European Commission MMO,
2012-03-04,323.80945976364654,European Commission MMO,
2012-03-11,322.7806302757456,European Commission MMO,
2012-03-18,313.14101294316265,European Commission MMO,
2012-03-25,308.997658975802,European Commission MMO,
2012-04-01,306.43617332583005,European Commission MMO,
2012-04-08,292.2255149127743,European Commission MMO,
2012-04-15,282.0147945976365,European Commission MMO,
2012-04-22,277.40991558806974,European Commission MMO,
2012-04-29,271.51158131682604,European Commission MMO,
2012-05-06,261.04432751828926,European Commission MMO,
2012-05-13,260.3103545301069,European Commission MMO,
2012-05-20,263.7697692740574,European Commission MMO,
2012-05-27,256.9389532920654,European Commission MMO,
2012-06-03,268.0232357906584,European Commission MMO,
2012-06-10,268.9657287563309,European Commission MMO,
2012-06-17,271.6912380416432,European Commission MMO,
2012-06-24,271.43127180641534,European Commission MMO,
2012-07-01,273.961553179516,European Commission MMO,
2012-07-08,272.9539504783343,European Commission MMO,
2012-07-15,269.85549240292625,European Commission MMO,
2012-07-22,282.18453010692167,European Commission MMO,
2012-07-29,276.3764265616207,European Commission MMO,
2012-08-05,276.8142712436691,European Commission MMO,
2012-08-12,282.2453292065279,European Commission MMO,
2012-08-19,297.78781091727643,European Commission MMO,
2012-08-26,290.2300900393923,European Commission MMO,
2012-09-02,301.99088351153625,European Commission MMO,
2012-09-09,304.2403545301069,European Commission MMO,
2012-09-16,313.5066797974114,European Commission MMO,
2012-09-23,320.9482273494654,European Commission MMO,
2012-09-30,320.81404051772654,European Commission MMO,
2012-10-07,318.64489589195273,European Commission MMO,
2012-10-14,323.4626505346089,European Commission MMO,
2012-10-21,312.4066572875634,European Commission MMO,
2012-10-28,321.47477208778844,European Commission MMO,
2012-11-04,324.7780416432189,European Commission MMO,
2012-11-11,323.8376533483399,European Commission MMO,
2012-11-18,324.10268992684297,European Commission MMO,
2012-11-25,334.330765334834,European Commission MMO,
2012-12-02,343.99844682048393,European Commission MMO,
2012-12-09,337.3816713562184,European Commission MMO,
2012-12-16,336.39042205965103,European Commission MMO,
2012-12-23,334.8568317388857,European Commission MMO,
2012-12-30,340.02002250984805,European Commission MMO,
2013-01-06,335.2897861564435,European Commission MMO,
2013-01-13,337.9745301069217,European Commission MMO,
2013-01-20,330.7632808103545,European Commission MMO,
2013-01-27,332.4887732132808,European Commission MMO,
2013-02-03,333.903078221722,European Commission MMO,
2013-02-10,331.7610861001689,European Commission MMO,
2013-02-17,333.92692177827803,European Commission MMO,
2013-02-24,328.71483961733253,European Commission MMO,
2013-03-03,332.0661001688238,European Commission MMO,
2013-03-10,329.558069780529,European Commission MMO,
2013-03-17,334.4131795160384,European Commission MMO,
2013-03-24,337.6479347214407,European Commission MMO,
2013-03-31,347.2277884074282,European Commission MMO,
2013-04-07,348.5430388294879,European Commission MMO,
2013-04-14,371.76009566685417,European Commission MMO,
2013-04-21,376.38476083286434,European Commission MMO,
2013-04-28,387.50307259425983,European Commission MMO,
2013-05-05,389.4238998311761,European Commission MMO,
2013-05-12,398.38924029262813,European Commission MMO,
2013-05-19,395.0110016882385,European Commission MMO,
2013-05-26,396.9784974676421,European Commission MMO,
2013-06-02,397.7341193021948,European Commission MMO,
2013-06-09,394.23879572312893,European Commission MMO,
2013-06-16,401.754997186269,European Commission MMO,
2013-06-23,402.1305008441193,European Commission MMO,
2013-06-30,402.2644850872257,European Commission MMO,
2013-07-07,402.88310635903207,European Commission MMO,
2013-07-14,410.808846370287,European Commission MMO,
2013-07-21,408.9822172200338,European Commission MMO,
2013-07-28,399.7206865503659,European Commission MMO,
2013-08-04,408.38637028700066,European Commission MMO,
2013-08-11,408.68200337647716,European Commission MMO,
2013-08-18,408.63625211029824,European Commission MMO,
2013-08-25,414.3135790658413,European Commission MMO,
2013-09-01,415.4718458075408,European Commission MMO,
2013-09-08,420.96342149690497,European Commission MMO,
2013-09-15,421.00121553179514,European Commission MMO,
2013-09-22,420.8068598761959,European Commission MMO,
2013-09-29,417.73413055711876,European Commission MMO,
2013-10-06,417.1324535734384,European Commission MMO,
2013-10-13,423.3800393922341,European Commission MMO,
2013-10-20,402.7822678671919,European Commission MMO,
2013-10-27,408.05806415306694,European Commission MMO,
2013-11-03,406.0008666291502,European Commission MMO,
2013-11-10,405.0337929093979,European Commission MMO,
2013-11-17,405.4903376477209,European Commission MMO,
2013-11-24,404.92652785593697,European Commission MMO,
2013-12-01,405.7888013505909,European Commission MMO,
2013-12-08,410.3375182892515,European Commission MMO,
2013-12-15,408.57705120990437,European Commission MMO,
2013-12-22,408.4212211592572,European Commission MMO,
2013-12-29,410.2008835115363,European Commission MMO,
2014-01-05,412.39637591446257,European Commission MMO,
2014-01-12,407.6232132808103,European Commission MMO,
2014-01-19,402.5193021947101,European Commission MMO,
2014-01-26,390.30682611142373,European Commission MMO,
2014-02-02,391.56282498593134,European Commission MMO,
2014-02-09,376.71065278559365,European Commission MMO,
2014-02-16,367.86369724254365,European Commission MMO,
2014-02-23,369.4717557681485,European Commission MMO,
2014-03-02,365.63022509848054,European Commission MMO,
2014-03-09,372.7357062464829,European Commission MMO,
2014-03-16,367.4001238041643,European Commission MMO,
2014-03-23,368.99287563308945,European Commission MMO,
2014-03-30,365.00821609454135,European Commission MMO,
2014-04-06,358.07070906021386,European Commission MMO,
2014-04-13,360.76786156443444,European Commission MMO,
2014-04-20,359.660388294879,European Commission MMO,
2014-04-27,353.75237478897014,European Commission MMO,
2014-05-04,352.28497467642103,European Commission MMO,
2014-05-11,352.5671299943725,European Commission MMO,
2014-05-18,350.5937478897017,European Commission MMO,
2014-05-25,350.4695441755768,European Commission MMO,
2014-06-01,343.2860551491278,European Commission MMO,
2014-06-08,345.9698255486775,European Commission MMO,
2014-06-15,348.46530106921784,European Commission MMO,
2014-06-22,353.6895047833427,European Commission MMO,
2014-06-29,353.30795160382667,European Commission MMO,
2014-07-06,357.2136297129994,European Commission MMO,
2014-07-13,353.94047270680926,European Commission MMO,
2014-07-20,357.4757118739448,European Commission MMO,
2014-07-27,351.08025886325265,European Commission MMO,
2014-08-03,348.0767360720315,European Commission MMO,
2014-08-10,342.0843106359032,European Commission MMO,
2014-08-17,335.3740799099606,European Commission MMO,
2014-08-24,335.996567248171,European Commission MMO,
2014-08-31,320.5073832301632,European Commission MMO,
2014-09-07,312.82842993809794,European Commission MMO,
2014-09-14,311.04353404614517,European Commission MMO,
2014-09-21,306.81436691052335,European Commission MMO,
2014-09-28,307.10813168261114,European Commission MMO,
2014-10-05,306.5479909960608,European Commission MMO,
2014-10-12,310.86757456387164,European Commission MMO,
2014-10-19,306.1724029262802,European Commission MMO,
2014-10-26,305.051153629713,European Commission MMO,
2014-11-02,305.80935846933033,European Commission MMO,
2014-11-09,312.0132639279685,European Commission MMO,
2014-11-16,303.1058581879572,European Commission MMO,
2014-11-23,299.6954811480023,European Commission MMO,
2014-11-30,307.0927349465392,European Commission MMO,
2014-12-07,294.97819921215535,European Commission MMO,
2014-12-14,298.8058469330332,European Commission MMO,
2014-12-21,291.7882836240856,European Commission MMO,
2014-12-28,287.5814462577378,European Commission MMO,
2015-01-04,288.6,European Commission MMO,
2015-01-11,305.46,European Commission MMO,
2015-01-18,292.74,European Commission MMO,
2015-01-25,296.6,European Commission MMO,
2015-02-01,295.82,European Commission MMO,
2015-02-08,302.83,European Commission MMO,
2015-02-15,317.61,European Commission MMO,
2015-02-22,325.71,European Commission MMO,
2015-03-01,330.54,European Commission MMO,
2015-03-08,333.92,European Commission MMO,
2015-03-15,326.6,European Commission MMO,
2015-03-22,329.65,European Commission MMO,
2015-03-29,326.94,European Commission MMO,
2015-04-05,319.79,European Commission MMO,
2015-04-12,317.57,European Commission MMO,
2015-04-19,321.44,European Commission MMO,
2015-04-26,309.14,European Commission MMO,
2015-05-03,305.28,European Commission MMO,
2015-05-10,307.15,European Commission MMO,
2015-05-17,301.88,European Commission MMO,
2015-05-24,299.59,European Commission MMO,
2015-05-31,304.94,European Commission MMO,
2015-06-07,298.37,European Commission MMO,
2015-06-14,304.77,European Commission MMO,
2015-06-21,312.97,European Commission MMO,
2015-06-28,301.93,European Commission MMO,
2015-07-05,299.11,European Commission MMO,
2015-07-12,297.03,European Commission MMO,
2015-07-19,296.15,European Commission MMO,
2015-07-26,292.89,European Commission MMO,
2015-08-02,293.02,European Commission MMO,
2015-08-09,287.04,European Commission MMO,
2015-08-16,293.2,European Commission MMO,
2015-08-23,292.55,European Commission MMO,
2015-08-30,279.54,European Commission MMO,
2015-09-06,281.44,European Commission MMO,
2015-09-13,282.01,European Commission MMO,
2015-09-20,286.46,European Commission MMO,
2015-09-27,288.03,European Commission MMO,
2015-10-04,293.22,European Commission MMO,
2015-10-11,295.94,European Commission MMO,
2015-10-18,299.43,European Commission MMO,
2015-10-25,299.01,European Commission MMO,
2015-11-01,297.12,European Commission MMO,
2015-11-08,294.56,European Commission MMO,
2015-11-15,307.1,European Commission MMO,
2015-11-22,303.62,European Commission MMO,
2015-11-29,297.47,European Commission MMO,
2015-12-06,297.15,European Commission MMO,
2015-12-13,291.9,European Commission MMO,
2015-12-20,291.36,European Commission MMO,
2015-12-27,299.36,European Commission MMO,
2016-01-03,298.2,European Commission MMO,
2016-01-10,287.6,European Commission MMO,
2016-01-17,293.91,European Commission MMO,
2016-01-24,283.29,European Commission MMO,
2016-01-31,277.81,European Commission MMO,
2016-02-07,276.73,European Commission MMO,
2016-02-14,276.33,European Commission MMO,
2016-02-21,271.25,European Commission MMO,
2016-02-28,265.15,European Commission MMO,
2016-03-06,258.05,European Commission MMO,
2016-03-13,263.57,European Commission MMO,
2016-03-20,261.03,European Commission MMO,
2016-03-27,258.77,European Commission MMO,
2016-04-03,260.45,European Commission MMO,
2016-04-10,259.27,European Commission MMO,
2016-04-17,253.04,European Commission MMO,
2016-04-24,253.82,European Commission MMO,
2016-05-01,252.99,European Commission MMO,
2016-05-08,247.84,European Commission MMO,
2016-05-15,253.09,European Commission MMO,
2016-05-22,257.63,European Commission MMO,
2016-05-29,263.54,European Commission MMO,
2016-06-05,270.76,European Commission MMO,
2016-06-12,276.59,European Commission MMO,
2016-06-19,280.92,European Commission MMO,
2016-06-26,291.17,European Commission MMO,
2016-07-03,300.71,European Commission MMO,
2016-07-10,304.01,European Commission MMO,
2016-07-17,312.43,European Commission MMO,
2016-07-24,304.88,European Commission MMO,
2016-07-31,316.42,European Commission MMO,
2016-08-07,322.85,European Commission MMO,
2016-08-14,327.44,European Commission MMO,
2016-08-21,334.32,European Commission MMO,
2016-08-28,341.73,European Commission MMO,
2016-09-04,355.44,European Commission MMO,
2016-09-11,374.01,European Commission MMO,
2016-09-18,374.77,European Commission MMO,
2016-09-25,390.31,European Commission MMO,
2016-10-02,399.06,European Commission MMO,
2016-10-09,406.7,European Commission MMO,
2016-10-16,410.83,European Commission MMO,
2016-10-23,407.94,European Commission MMO,
2016-10-30,411.72,European Commission MMO,
2016-11-06,411.77,European Commission MMO,
2016-11-13,413.98,European Commission MMO,
2016-11-20,416.44,European Commission MMO,
2016-11-27,420.53,European Commission MMO,
2016-12-04,421.25,European Commission MMO,
2016-12-11,423.57,European Commission MMO,
2016-12-18,425.16,European Commission MMO,
2016-12-25,429.64,European Commission MMO,
2017-01-01,430.33,European Commission MMO,
2017-01-08,428.6,European Commission MMO,
2017-01-15,425.53,European Commission MMO,
2017-01-22,423.94,European Commission MMO,
2017-01-29,418.4,European Commission MMO,
2017-02-05,412.83,European Commission MMO,
2017-02-12,413.03,European Commission MMO,
2017-02-19,408.71,European Commission MMO,
2017-02-26,409.32,European Commission MMO,
2017-03-05,410.4,European Commission MMO,
2017-03-12,409.93,European Commission MMO,
2017-03-19,413.6,European Commission MMO,
2017-03-26,419.62,European Commission MMO,
2017-04-02,422.35,European Commission MMO,
2017-04-09,424.96,European Commission MMO,
2017-04-16,427.03,European Commission MMO,
2017-04-23,430.06,European Commission MMO,
2017-04-30,432.49,European Commission MMO,
2017-05-07,439.85,European Commission MMO,
2017-05-14,448.07,European Commission MMO,
2017-05-21,470.25,European Commission MMO,
2017-05-28,484.7,European Commission MMO,
2017-06-04,496.25,European Commission MMO,
2017-06-11,505.61,European Commission MMO,
2017-06-18,509.82,European Commission MMO,
2017-06-25,531.09,European Commission MMO,
2017-07-02,551.29,European Commission MMO,
2017-07-09,567.24,European Commission MMO,
2017-07-16,576.47,European Commission MMO,
2017-07-23,579.11,European Commission MMO,
2017-07-30,585.73,European Commission MMO,
2017-08-06,597.6,European Commission MMO,
2017-08-13,603.7,European Commission MMO,
2017-08-20,616.6,European Commission MMO,
2017-08-27,622.88,European Commission MMO,
2017-09-03,642.42,European Commission MMO,
2017-09-10,652.91,European Commission MMO,
2017-09-17,650.91,European Commission MMO,
2017-09-24,646.58,European Commission MMO,
2017-10-01,632.86,European Commission MMO,
2017-10-08,627.6,European Commission MMO,
2017-10-15,618.44,European Commission MMO,
2017-10-22,579.84,European Commission MMO,
2017-10-29,556.64,European Commission MMO,
2017-11-05,507.4,European Commission MMO,
2017-11-12,529.17,European Commission MMO,
2017-11-19,524.37,European Commission MMO,
2017-11-26,513.94,European Commission MMO,
2017-12-03,519.89,European Commission MMO,
2017-12-10,497.18,European Commission MMO,
2017-12-17,480.85,European Commission MMO,
2017-12-24,451.02,European Commission MMO,
2017-12-31,440.78,European Commission MMO,
2018-01-07,433.37,European Commission MMO,
2018-01-14,423.18,European Commission MMO,
2018-01-21,424.18,European Commission MMO,
2018-01-28,426.83,European Commission MMO,
2018-02-04,428.95,European Commission MMO,
2018-02-11,430.69,European Commission MMO,
2018-02-18,444.6,European Commission MMO,
2018-02-25,459.17,European Commission MMO,
2018-03-04,461.57,European Commission MMO,
2018-03-11,469.21,European Commission MMO,
2018-03-18,470.26,European Commission MMO,
2018-03-25,470.53,European Commission MMO,
2018-04-01,474.07,European Commission MMO,
2018-04-08,485.49,European Commission MMO,
2018-04-15,514.1,European Commission MMO,
2018-04-22,516.23,European Commission MMO,
2018-04-29,520.74,European Commission MMO,
2018-05-06,546.59,European Commission MMO,
2018-05-13,560.41,European Commission MMO,
2018-05-20,564.15,European Commission MMO,
2018-05-27,568.91,European Commission MMO,
2018-06-03,583.48,European Commission MMO,
2018-06-10,590.33,European Commission MMO,
2018-06-17,584.4,European Commission MMO,
2018-06-24,572.33,European Commission MMO,
2018-07-01,576.15,European Commission MMO,
2018-07-08,558.21,European Commission MMO,
2018-07-15,570.01,European Commission MMO,
2018-07-22,558.59,European Commission MMO,
2018-07-29,547.4,European Commission MMO,
2018-08-05,547.95,European Commission MMO,
2018-08-12,544.71,European Commission MMO,
2018-08-19,551.76,European Commission MMO,
2018-08-26,549.26,European Commission MMO,
2018-09-02,554.91,European Commission MMO,
2018-09-09,554.44,European Commission MMO,
2018-09-16,552.46,European Commission MMO,
2018-09-23,519.8,European Commission MMO,
2018-09-30,519.49,European Commission MMO,
2018-10-07,498.08,European Commission MMO,
2018-10-14,495.14,European Commission MMO,
2018-10-21,483.13,European Commission MMO,
2018-10-28,479.09,European Commission MMO,
2018-11-04,477.65,European Commission MMO,
2018-11-11,457.72,European Commission MMO,
2018-11-18,455.2,European Commission MMO,
2018-11-25,454.29,European Commission MMO,
2018-12-02,451.09,European Commission MMO,
2018-12-09,440.38,European Commission MMO,
2018-12-16,441.49,European Commission MMO,
2018-12-23,436.58,European Commission MMO,
2018-12-30,437.39,European Commission MMO,
2019-01-06,432.5,European Commission MMO,
2019-01-13,432.31,European Commission MMO,
2019-01-20,435.12,European Commission MMO,
2019-01-27,440.9,European Commission MMO,
2019-02-03,441.82,European Commission MMO,
2019-02-10,441.97,European Commission MMO,
2019-02-17,440.39,European Commission MMO,
2019-02-24,426.79,European Commission MMO,
2019-03-03,423.3,European Commission MMO,
2019-03-10,418.48,European Commission MMO,
2019-03-17,421.02,European Commission MMO,
2019-03-24,417.85,European Commission MMO,
2019-03-31,417.16,European Commission MMO,
2019-04-07,417.27,European Commission MMO,
2019-04-14,414.84,European Commission MMO,
2019-04-21,417.37,European Commission MMO,
2019-04-28,416.65,European Commission MMO,
2019-05-05,415.27,European Commission MMO,
2019-05-12,419.26,European Commission MMO,
2019-05-19,411.87,European Commission MMO,
2019-05-26,405.76,European Commission MMO,
2019-06-02,403.38,European Commission MMO,
2019-06-09,399.64,European Commission MMO,
2019-06-16,397.11,European Commission MMO,
2019-06-23,389.34,European Commission MMO,
2019-06-30,392.94,European Commission MMO,
2019-07-07,384.98,European Commission MMO,
2019-07-14,384.36,European Commission MMO,
2019-07-21,375.62,European Commission MMO,
2019-07-28,379.95,European Commission MMO,
2019-08-04,360.06,European Commission MMO,
2019-08-11,359.6,European Commission MMO,
2019-08-18,355.57,European Commission MMO,
2019-08-25,359.2,European Commission MMO,
2019-09-01,358.21,European Commission MMO,
2019-09-08,363.77,European Commission MMO,
2019-09-15,361.69,European Commission MMO,
2019-09-22,362.77,European Commission MMO,
2019-09-29,363.82,European Commission MMO,
2019-10-06,364.36,European Commission MMO,
2019-10-13,362.02,European Commission MMO,
2019-10-20,357.18,European Commission MMO,
2019-10-27,362.89,European Commission MMO,
2019-11-03,359.57,European Commission MMO,
2019-11-10,364.6,European Commission MMO,
2019-11-17,365.15,European Commission MMO,
2019-11-24,364.0,European Commission MMO,
2019-12-01,362.94,European Commission MMO,
2019-12-08,367.67,European Commission MMO,
2019-12-15,363.87,European Commission MMO,
2019-12-22,364.93,European Commission MMO,
2019-12-29,366.07,European Commission MMO,
2020-01-05,367.88,European Commission MMO,
2020-01-12,363.5,European Commission MMO,
2020-01-19,365.26,European Commission MMO,
2020-01-26,362.48,European Commission MMO,
2020-02-02,363.28,European Commission MMO,
2020-02-09,361.47,European Commission MMO,
2020-02-16,360.21,European Commission MMO,
2020-02-23,355.14,European Commission MMO,
2020-03-01,352.59,European Commission MMO,
2020-03-08,351.06,European Commission MMO,
2020-03-15,350.2,European Commission MMO,
2020-03-22,349.26,European Commission MMO,
2020-03-29,342.28,European Commission MMO,
2020-04-05,325.09,European Commission MMO,
2020-04-12,299.93,European Commission MMO,
2020-04-19,295.05,European Commission MMO,
2020-04-26,292.34,European Commission MMO,
2020-05-03,290.68,European Commission MMO,
2020-05-10,281.17,European Commission MMO,
2020-05-17,287.94,European Commission MMO,
2020-05-24,295.43,European Commission MMO,
2020-05-31,295.64,European Commission MMO,
2020-06-07,309.01,European Commission MMO,
2020-06-14,318.24,European Commission MMO,
2020-06-21,317.2,European Commission MMO,
2020-06-28,321.56,European Commission MMO,
2020-07-05,330.84,European Commission MMO,
2020-07-12,329.92,European Commission MMO,
2020-07-19,336.44,European Commission MMO,
2020-07-26,335.96,European Commission MMO,
2020-08-02,341.7,European Commission MMO,
2020-08-09,340.97,European Commission MMO,
2020-08-16,340.38,European Commission MMO,
2020-08-23,339.92,European Commission MMO,
2020-08-30,342.77,European Commission MMO,
2020-09-06,342.83,European Commission MMO,
2020-09-13,348.5,European Commission MMO,
2020-09-20,349.83,European Commission MMO,
2020-09-27,350.32,European Commission MMO,
2020-10-04,344.8,European Commission MMO,
2020-10-11,347.43,European Commission MMO,
2020-10-18,345.49,European Commission MMO,
2020-10-25,344.93,European Commission MMO,
2020-11-01,347.48,European Commission MMO,
2020-11-08,347.96,European Commission MMO,
2020-11-15,348.65,European Commission MMO,
2020-11-22,348.15,European Commission MMO,
2020-11-29,347.06,European Commission MMO,
2020-12-06,340.31,European Commission MMO,
2020-12-13,339.3,European Commission MMO,
2020-12-20,337.94,European Commission MMO,
2020-12-27,335.87,European Commission MMO,
2021-01-03,335.21,European Commission MMO,
2021-01-10,336.27,European Commission MMO,
2021-01-17,342.21,European Commission MMO,
2021-01-24,345.33,European Commission MMO,
2021-01-31,348.51,European Commission MMO,
2021-02-07,354.49,European Commission MMO,
2021-02-14,354.57,European Commission MMO,
2021-02-21,358.37,European Commission MMO,
2021-02-28,363.09,European Commission MMO,
2021-03-07,380.13,European Commission MMO,
2021-03-14,388.78,European Commission MMO,
2021-03-21,392.45,European Commission MMO,
2021-03-28,389.07,European Commission MMO,
2021-04-04,400.35,European Commission MMO,
2021-04-11,401.02,European Commission MMO,
2021-04-18,398.79,European Commission MMO,
2021-04-25,398.81,European Commission MMO,
2021-05-02,403.84,European Commission MMO,
2021-05-09,402.59,European Commission MMO,
2021-05-16,407.22,European Commission MMO,
2021-05-23,409.89,European Commission MMO,
2021-05-30,411.74,European Commission MMO,
2021-06-06,413.07,European Commission MMO,
2021-06-13,409.76,European Commission MMO,
2021-06-20,409.81,European Commission MMO,
2021-06-27,406.16,European Commission MMO,
2021-07-04,400.45,European Commission MMO,
2021-07-11,397.49,European Commission MMO,
2021-07-18,396.85,European Commission MMO,
2021-07-25,393.33,European Commission MMO,
2021-08-01,393.18,European Commission MMO,
2021-08-08,393.08,European Commission MMO,
2021-08-15,395.74,European Commission MMO,
2021-08-22,394.16,European Commission MMO,
2021-08-29,401.12,European Commission MMO,
2021-09-05,400.53,European Commission MMO,
2021-09-12,404.81,European Commission MMO,
2021-09-19,414.7,European Commission MMO,
2021-09-26,410.96,European Commission MMO,
2021-10-03,427.82,European Commission MMO,
2021-10-10,432.42,European Commission MMO,
2021-10-17,453.57,European Commission MMO,
2021-10-24,476.22,European Commission MMO,
2021-10-31,491.48,European Commission MMO,
2021-11-07,494.37,European Commission MMO,
2021-11-14,523.25,European Commission MMO,
2021-11-21,498.06,European Commission MMO,
2021-11-28,524.65,European Commission MMO,
2021-12-05,534.46,European Commission MMO,
2021-12-12,546.64,European Commission MMO,
2021-12-19,550.03,European Commission MMO,
2021-12-26,553.27,European Commission MMO,
2022-01-02,558.79,European Commission MMO,
2022-01-09,570.99,European Commission MMO,
2022-01-16,573.37,European Commission MMO,
2022-01-23,576.19,European Commission MMO,
2022-01-30,579.38,European Commission MMO,
2022-02-06,589.44,European Commission MMO,
2022-02-13,594.04,European Commission MMO,
2022-02-20,594.47,European Commission MMO,
2022-02-27,597.68,European Commission MMO,
2022-03-06,597.7,European Commission MMO,
2022-03-13,614.16,European Commission MMO,
2022-03-20,630.81,European Commission MMO,
2022-03-27,645.05,European Commission MMO,
2022-04-03,664.24,European Commission MMO,
2022-04-10,684.76,European Commission MMO,
2022-04-17,691.39,European Commission MMO,
2022-04-24,692.95,European Commission MMO,
2022-05-01,681.7,European Commission MMO,
2022-05-08,688.07,European Commission MMO,
2022-05-15,688.44,European Commission MMO,
2022-05-22,706.98,European Commission MMO,
2022-05-29,722.99,European Commission MMO,
2022-06-05,722.3,European Commission MMO,
2022-06-12,726.99,European Commission MMO,
2022-06-19,724.94,European Commission MMO,
2022-06-26,722.1,European Commission MMO,
2022-07-03,726.51,European Commission MMO,
2022-07-10,722.43,European Commission MMO,
2022-07-17,719.52,European Commission MMO,
2022-07-24,714.56,European Commission MMO,
2022-07-31,711.42,European Commission MMO,
2022-08-07,711.09,European Commission MMO,
2022-08-14,717.3,European Commission MMO,
2022-08-21,713.83,European Commission MMO,
2022-08-28,715.94,European Commission MMO,
2022-09-04,725.03,European Commission MMO,
2022-09-11,716.04,European Commission MMO,
2022-09-18,723.9,European Commission MMO,
2022-09-25,723.24,European Commission MMO,
2022-10-02,721.91,European Commission MMO,
2022-10-09,716.57,European Commission MMO,
2022-10-16,704.92,European Commission MMO,
2022-10-23,691.55,European Commission MMO,
2022-10-30,686.63,European Commission MMO,
2022-11-06,669.27,European Commission MMO,
2022-11-13,672.38,European Commission MMO,
2022-11-20,656.29,European Commission MMO,
2022-11-27,636.43,European Commission MMO,
2022-12-04,617.84,European Commission MMO,
2022-12-11,599.29,European Commission MMO,
2022-12-18,595.22,European Commission MMO,
2022-12-25,576.77,European Commission MMO,
2023-01-01,562.87,European Commission MMO,
2023-01-08,574.25,European Commission MMO,
2023-01-15,539.18,European Commission MMO,
2023-01-22,511.59,European Commission MMO,
2023-01-29,481.63,European Commission MMO,
2023-02-05,477.48,European Commission MMO,
2023-02-12,480.16,European Commission MMO,
2023-02-19,484.18,European Commission MMO,
2023-02-26,481.14,European Commission MMO,
2023-03-05,474.64,European Commission MMO,
2023-03-12,478.42,European Commission MMO,
2023-03-19,478.09,European Commission MMO,
2023-03-26,474.51,European Commission MMO,
2023-04-02,470.89,European Commission MMO,
2023-04-09,474.22,European Commission MMO,
2023-04-16,472.32,European Commission MMO,
2023-04-23,470.59,European Commission MMO,
2023-04-30,463.54,European Commission MMO,
2023-05-07,462.31,European Commission MMO,
2023-05-14,464.74,European Commission MMO,
2023-05-21,464.42,European Commission MMO,
2023-05-28,473.54,European Commission MMO,
2023-06-04,477.5,European Commission MMO,
2023-06-11,470.06,European Commission MMO,
2023-06-18,474.13,European Commission MMO,
2023-06-25,470.43,European Commission MMO,
2023-07-02,465.76,European Commission MMO,
2023-07-09,467.59,European Commission MMO,
2023-07-16,459.46,European Commission MMO,
2023-07-23,453.74,European Commission MMO,
2023-07-30,457.84,European Commission MMO,
2023-08-06,458.21,European Commission MMO,
2023-08-13,453.81,European Commission MMO,
2023-08-20,449.04,European Commission MMO,
2023-08-27,445.65,European Commission MMO,
2023-09-03,441.13,European Commission MMO,
2023-09-10,437.74,European Commission MMO,
2023-09-17,440.53,European Commission MMO,
2023-09-24,447.16,European Commission MMO,
2023-10-01,456.49,European Commission MMO,
2023-10-08,462.6,European Commission MMO,
2023-10-15,470.61,European Commission MMO,
2023-10-22,483.68,European Commission MMO,
2023-10-29,487.91,European Commission MMO,
2023-11-05,497.51,European Commission MMO,
2023-11-12,508.13,European Commission MMO,
2023-11-19,526.18,European Commission MMO,
2023-11-26,527.81,European Commission MMO,
2023-12-03,538.57,European Commission MMO,
2023-12-10,548.36,European Commission MMO,
2023-12-17,542.21,European Commission MMO,
2023-12-24,545.64,European Commission MMO,
2023-12-31,546.3,European Commission MMO,
2024-01-07,548.55,European Commission MMO,
2024-01-14,544.55,European Commission MMO,
2024-01-21,543.85,European Commission MMO,
2024-01-28,537.32,European Commission MMO,
2024-02-04,537.84,European Commission MMO,
2024-02-11,540.24,European Commission MMO,
2024-02-18,550.66,European Commission MMO,
2024-02-25,563.14,European Commission MMO,
2024-03-03,563.15,European Commission MMO,
2024-03-10,566.56,European Commission MMO,
2024-03-17,561.38,European Commission MMO,
2024-03-24,560.37,European Commission MMO,
2024-03-31,561.59,European Commission MMO,
2024-04-07,569.21,European Commission MMO,
2024-04-14,576.79,European Commission MMO,
2024-04-21,574.25,European Commission MMO,
2024-04-28,574.67,European Commission MMO,
2024-05-05,579.39,European Commission MMO,
2024-05-12,584.75,European Commission MMO,
2024-05-19,598.88,European Commission MMO,
2024-05-26,612.5,European Commission MMO,
2024-06-02,628.33,European Commission MMO,
2024-06-09,630.93,European Commission MMO,
2024-06-16,637.36,European Commission MMO,
2024-06-23,638.54,European Commission MMO,
2024-06-30,641.12,European Commission MMO,
2024-07-07,644.62,European Commission MMO,
2024-07-14,654.52,European Commission MMO,
2024-07-21,654.47,European Commission MMO,
2024-07-28,659.11,European Commission MMO,
2024-08-04,671.56,European Commission MMO,
2024-08-11,678.44,European Commission MMO,
2024-08-18,694.95,European Commission MMO,
2024-08-25,707.38,European Commission MMO,
2024-09-01,736.97,European Commission MMO,
2024-09-08,747.6,European Commission MMO,
2024-09-15,749.98,European Commission MMO,
2024-09-22,779.73,European Commission MMO,
2024-09-29,766.9,European Commission MMO,
2024-10-06,779.51,European Commission MMO,
2024-10-13,787.54,European Commission MMO,
2024-10-20,784.68,European Commission MMO,
2024-10-27,770.49,European Commission MMO,
2024-11-03,756.69,European Commission MMO,
2024-11-10,762.15,European Commission MMO,
2024-11-17,780.08,European Commission MMO,
2024-11-24,773.84,European Commission MMO,
2024-12-01,785.94,European Commission MMO,
2024-12-08,787.94,European Commission MMO,
2024-12-15,764.61,European Commission MMO,
2024-12-22,773.14,European Commission MMO,
2024-12-29,757.6,European Commission MMO,
2025-01-05,739.91,European Commission MMO,
2025-01-12,744.32,European Commission MMO,
2025-01-19,739.79,European Commission MMO,
2025-01-26,740.88,European Commission MMO,
2025-02-02,743.09,European Commission MMO,
2025-02-09,722.94,European Commission MMO,
2025-02-16,717.59,European Commission MMO,
2025-02-23,719.33,European Commission MMO,
2025-03-02,724.13,European Commission MMO,
2025-03-09,727.81,European Commission MMO,
2025-03-16,740.28,European Commission MMO,
2025-03-23,742.01,European Commission MMO,
2025-03-30,744.97,European Commission MMO,
2025-04-06,741.09,European Commission MMO,
2025-04-13,738.47,European Commission MMO,
2025-04-20,740.11,European Commission MMO,
2025-04-27,737.13,European Commission MMO,
2025-05-04,729.58,European Commission MMO,
2025-05-11,724.19,European Commission MMO,
2025-05-18,732.69,European Commission MMO,
2025-05-25,735.33,European Commission MMO,
2025-06-01,730.52,European Commission MMO,
2025-06-08,735.92,European Commission MMO,
2025-06-15,737.94,European Commission MMO,
2025-06-22,739.29,European Commission MMO,
2025-06-29,739.85,European Commission MMO,
2025-07-06,740.84,European Commission MMO,
2025-07-13,731.99,European Commission MMO,
2025-07-20,735.81,European Commission MMO,
2025-07-27,723.91,European Commission MMO,
2025-08-03,711.74,European Commission MMO,
2025-08-10,712.84,European Commission MMO,
2025-08-17,723.29,European Commission MMO,
2025-08-24,710.2,European Commission MMO,
2025-08-31,705.52,European Commission MMO,
2025-09-07,659.79,European Commission MMO,
2025-09-14,638.17,European Commission MMO,
2025-09-21,615.35,European Commission MMO,
2025-09-28,609.27,European Commission MMO,
2025-10-05,598.74,European Commission MMO,
2025-10-12,580.3,European Commission MMO,
2025-10-19,579.81,European Commission MMO,
2025-10-26,573.01,European Commission MMO,
2025-11-02,543.31,European Commission MMO,
2025-11-09,550.1,European Commission MMO,
2025-11-16,570.53,European Commission MMO,
2025-11-23,543.94,European Commission MMO,
2025-11-30,499.53,European Commission MMO,
2025-12-07,467.28,European Commission MMO,
2025-12-14,456.8,European Commission MMO,
2025-12-21,456.99,European Commission MMO,
2025-12-28,453.64,European Commission MMO,
2026-01-04,440.21,European Commission MMO,
2026-01-11,426.92,European Commission MMO,
2026-01-18,429.9,European Commission MMO,
2026-01-25,419.04,European Commission MMO,
2026-02-01,406.07,European Commission MMO,
2026-02-08,414.41,European Commission MMO,
2026-02-15,412.86,European Commission MMO,
2026-02-22,418.1,European Commission MMO,
2026-03-01,425.15,European Commission MMO,
2026-03-08,435.48,European Commission MMO,
2026-03-15,433.96,European Commission MMO,
2026-03-22,437.8,European Commission MMO,
2026-03-29,436.02,European Commission MMO,
2026-04-05,437.74,European Commission MMO,
2026-04-12,416.56,European Commission MMO,
2026-04-19,421.53,European Commission MMO,
2026-04-26,408.54,European Commission MMO,
2026-05-03,400.76,European Commission MMO,
2026-05-10,397.96,European Commission MMO,
2026-05-17,394.88,European Commission MMO,
2026-05-24,394.33,European Commission MMO,
2026-05-31,395.27,European Commission MMO,
2026-06-07,404.84,European Commission MMO,
2026-06-14,392.46,European Commission MMO,
2026-06-21,385.35,European Commission MMO,
2026-06-28,383.13,European Commission MMO,
2026-07-05,383.31,European Commission MMO,
2026-07-12,386.98,European Commission MMO,
2026-07-19,397.3,European Commission MMO,
2026-07-26,399.52,European Commission MMO,
2026-08-02,409.9,European Commission MMO,
2026-08-09,394.24,European Commission MMO,
2026-08-16,397.79,European Commission MMO,
2026-08-23,403.61,European Commission MMO,
2026-08-30,413.82,European Commission MMO,
2026-09-06,410.77,European Commission MMO,
2026-09-13,420.06,European Commission MMO,
2026-09-20,416.42,European Commission MMO,
2026-09-27,425.4,European Commission MMO,
