month,eu_eur,eu_usd,eu_krw,kr_usd,kr_krw,kr_eu_usd,kr_nz_usd,krw_usd,krw_eur,kg,imp_dairy_krw,cpi,cpi_cheese
2014-01-01,4.0321142937535175,5.490914044689284,5859.500801462459,5.000411663632412,5336.072630573176,5.000411737782399,5.00041166140374,1067.1266666666666,1453.2080131111109,220519.844,115.94,93.73,95.806
2014-02-01,3.764022326955543,5.143615752360054,5510.388041497551,5.000411658424062,5356.972591217014,5.000411633648098,5.000411667278454,1071.3063157894737,1463.9626343434904,228356.799,118.4,93.98,98.639
2014-03-01,3.679534293753517,5.088130107769863,5446.797244904759,5.00041166247449,5352.895442859139,5.000411671769998,5.000411683010037,1070.4909523809524,1480.295279256236,342744.381,118.34,94.153,97.238
2014-04-01,3.5806283342712435,4.944912831961938,5155.739190552636,5.000411670114726,5213.604221670067,5.000411669388594,5.000411661293054,1042.635,1439.8978920000002,258653.704,113.34,94.214,96.885
2014-05-01,3.5147884918401804,4.828800538058659,4948.49040739534,5.000411667582181,5124.3552047826515,5.000411697600012,5.000411668094245,1024.7866666666666,1407.905601968254,269367.822,105.56,94.369,98.951
2014-06-01,3.4894372763083847,4.743840128037301,4832.760022780127,5.00041166375342,5094.140808667861,5.00041165863543,5.000411675777407,1018.7442857142858,1384.9683029387754,428262.14,103.74,94.248,98.941
2014-07-01,3.5492751828925155,4.803363169560546,4904.397547138461,5.000411668809878,5105.590782434504,5.000411667794516,5.000411645517514,1021.0340909090909,1381.8025637396693,339350.46,99.83,94.386,98.135
2014-08-01,3.364078154192459,4.479350159406168,4589.31820581959,5.000411666341708,5123.1717727503965,5.000411648019734,5.000411656609194,1024.55,1364.212719047619,370020.535,101.54,94.551,99.033
2014-09-01,3.094486156443444,3.988512678336683,4131.666096237441,5.000411673311275,5179.883591711664,5.000411648274946,5.000411687021681,1035.8914285714286,1335.1703279183673,341775.86,102.31,94.49,99.204
2014-10-01,3.071597805289814,3.8939622704233385,4128.908023975031,5.000411674640328,5302.116058858548,5.000411665351172,5.000411677815153,1060.3359090909091,1344.2215699152894,294382.962,101.32,94.205,99.194
2014-11-01,3.0554333933595954,3.8108892998677555,4183.8716214494225,5.000411668574613,5489.815848610422,5.00041174974506,5.0004116521445106,1097.8727777777776,1369.321822083333,317294.076,99.74,94.015,98.801
2014-12-01,2.9328844400675296,3.6160090906247824,3987.0925530501518,5.000411661607213,5513.565812063397,5.00041166896165,5.000411660737723,1102.622380952381,1359.4441358072563,401373.354,98.15,94.006,99.194
2015-01-01,2.9585000000000004,3.436268165000001,3739.1064783814504,5.202595197425223,5661.099912174308,6.662309394536682,4.364318181818182,1088.1299999999999,1263.8521137,336777.307,95.3,94.643,97.949
2015-03-01,3.2953,3.5653348563636365,3967.8627822538438,5.211145952994612,5799.48669979041,5.665213620232817,4.8891082245863595,1112.9004545454545,1204.0975881570248,229686.524,97.78,94.596,99.367
2015-04-01,3.1698500000000003,3.4304260784090914,3720.883373037151,4.908176892420812,5323.756691881075,6.516188946279295,4.631810660678407,1084.6709090909092,1173.8357881404959,305353.094,91.08,94.625,98.93
2015-05-01,3.03768,3.3922835748,3706.53285217696,4.965150226841639,5425.104365830455,6.02934650163535,4.754586609482964,1092.6365,1220.1854218275,336358.0,91.68,94.89,98.841
2015-06-01,3.0450999999999997,3.4183046877272725,3804.1737973019335,5.093546105161761,5668.521796250028,6.1253015442587735,4.79116583031859,1112.8831818181818,1249.2771328698348,265762.0,93.44,94.909,99.713
2015-07-01,2.9629499999999998,3.258477326590908,3735.996810920403,5.082543695573232,5827.374302429548,6.194880052272939,4.537151013944994,1146.546818181818,1260.9044401425617,291906.0,90.05,95.08,99.317
2015-08-01,2.8907,3.2191248157142853,3792.59197371826,5.039024338331542,5936.695330245117,5.416776849195459,5.223052117418314,1178.1438095238095,1311.9977769115646,281901.0,91.28,95.213,99.327
2015-09-01,2.84485,3.1943465959523816,3783.1605039842843,5.38654937025286,6379.452015671569,7.34373324233413,4.807922553940484,1184.33,1329.8277603333336,228822.0,90.28,94.966,99.753
2015-10-01,2.969,3.333579061904762,3810.944408732322,4.707731234509527,5381.873863737735,6.075779435965644,3.771087464313522,1143.1990476190476,1283.578446861678,304766.761,91.33,94.966,98.94
2015-11-01,2.9997400000000005,3.217694793157895,3711.521187158139,4.9658627884692885,5727.984205063646,5.702319374441663,4.030340543210999,1153.472105263158,1237.2809600692522,335001.0,93.56,94.786,98.911
2015-12-01,2.9494249999999997,3.2115350371590905,3757.323738415052,5.132933728304227,6005.2571502159735,6.16538681948424,4.2513589071101245,1169.9463636363637,1273.9173697975207,374036.0,93.29,95.07,99.763
2016-01-01,2.88162,3.1280136764210527,3763.9948318190304,4.681911482688803,5633.827868693338,4.780635266191095,4.320250297587343,1203.3178947368422,1306.2079079889197,429938.5,94.64,95.232,99.604
2016-02-01,2.72365,3.0211542895,3674.4139497871506,4.833426735031133,5878.551347806812,5.753809776183293,4.37075354344566,1216.2285,1349.0771390549999,418443.5,96.39,95.64,98.921
2016-03-01,2.6035500000000003,2.8986680523913044,3424.9880326971966,4.796141830191274,5666.9918992525,4.7901795437731085,4.410025841395048,1181.5730434782608,1315.5069165935727,471840.3,94.08,95.393,98.93
2016-04-01,2.5664499999999997,2.9118086216666663,3336.3406126769273,4.823128204334875,5526.324219432885,5.725520437245468,4.272866677508431,1145.7966666666666,1299.9827047777778,407241.3,90.86,95.573,99.941
2016-05-01,2.55018,2.8847757597142856,3386.1223126977734,4.885132909923261,5734.12248459259,6.275300331852918,4.3973338819783105,1173.790476190476,1327.7973761451244,365243.082,93.0,95.63,99.902
2016-06-01,2.7986,3.1433239154545456,3662.6081702056263,4.6946853397571315,5470.258027624418,5.602225630487762,4.174950369071615,1165.2022727272727,1308.728710857438,467981.524,92.95,95.611,98.97
2016-07-01,3.0769,3.4014975654999997,3880.649520064157,4.729893666150267,5396.170137432525,5.278325800131656,4.125469279648146,1140.865,1261.2205531749998,444552.7,91.8,95.431,98.683
2016-08-01,3.31585,3.7159145108695655,4124.732962895416,4.723382632772843,5243.04097545202,5.842573211992723,4.007885709504685,1110.0182608695652,1243.944377126654,418003.4,96.09,95.677,98.524
2016-09-01,3.736325,4.191338216904763,4645.527593091294,4.7228572210263176,5234.644021333762,5.10712903849546,4.009299984451032,1108.3638095238096,1243.3414098321998,338313.848,99.71,96.247,97.801
2016-10-01,4.0725,4.485614399999999,5060.5176551904,4.971886516862128,5609.113324182279,6.22216511547357,3.8382562482037597,1128.166,1242.60715904,437090.628,107.91,96.379,98.058
2016-11-01,4.1568000000000005,4.485935424000001,5215.833004968193,5.290538191993979,6151.351080136936,6.911257751409503,4.006112826741389,1162.708,1254.77121944,461930.32,111.66,96.237,97.959
2016-12-01,4.2490499999999995,4.480461356428571,5300.699416949951,5.233475450110489,6191.567800762216,5.877559563684723,4.458546598402412,1183.0700000000002,1247.502245666667,528522.399,112.88,96.342,98.167
2017-01-01,4.2536000000000005,4.52368121263158,5333.905850201777,5.097051842912707,6009.971385202479,5.605706265183339,4.698864644314352,1179.1073684210526,1253.9744804875345,600107.1,114.88,97.366,98.147
2017-02-01,4.109725,4.376943645526316,4991.848940013556,5.712757311939338,6515.327553121822,6.4811886931528235,4.96801872074883,1140.4873684210527,1214.6430576288087,285882.09,107.52,97.632,98.366
2017-03-01,4.133875,4.419543735869565,5011.151546516085,5.35886233898242,6076.208971439196,5.639091427741489,4.899732272875406,1133.8617391304347,1212.2165151379963,585953.1,102.56,97.565,98.306
2017-04-01,4.2737799999999995,4.5788424164,5193.210887041677,5.743000779959348,6513.570781110782,6.120810128907336,5.3308007699809545,1134.1754999999998,1215.1329471899999,497205.4,101.88,97.442,100.447
2017-05-01,4.607175,5.090865549886364,5727.915638530984,6.237544819065021,7018.085660494013,7.208683386703239,5.485237533445912,1125.135909090909,1243.2598367830578,245068.7,103.74,97.546,100.665
2017-06-01,5.106925,5.7366088525,6487.223260453798,6.064047956082862,6857.506580052827,6.360970198242433,5.602754231257507,1130.8463636363635,1270.2797202727272,469429.5,103.62,97.338,100.586
2017-07-01,5.71968,6.5948768352,7463.725478730258,6.356726671240533,7194.199983269787,6.803672649147251,5.71508612199339,1131.7459999999999,1304.9201141899998,523962.28,104.51,97.499,100.615
2017-08-01,6.10195,7.208180474565218,8147.190144986828,6.832465280754481,7722.530532878367,6.984467419809234,6.095645232705344,1130.27,1335.1781225652173,344107.42,103.26,98.058,100.695
2017-09-01,6.482049999999999,7.722293036749999,8738.539078093261,6.580437411096069,7446.4163939589,6.868050772409721,5.847434642392497,1131.599,1348.113494665,465882.1,103.33,98.172,100.645
2017-10-01,6.03076,7.089445559047619,8017.339201227425,7.039861614139858,7961.265520718918,7.851967615019756,5.848620610430695,1130.8838095238095,1329.4077697052155,299024.77,103.57,98.077,100.704
2017-11-01,5.187200000000001,6.091303024000001,6699.181563628569,7.407813000767959,8147.071995273097,8.105607270788171,6.512806544376373,1099.7945,1291.4831823775,381882.21,100.36,97.347,100.219
2017-12-01,4.779439999999999,5.657016875599999,6125.994888620991,7.595404013903204,8225.078197463808,8.082459984718534,6.626415049182682,1082.902,1281.7390507300001,420455.58,87.72,97.698,98.911
2018-01-01,4.2688999999999995,5.206574049047618,5548.338528269054,7.077465310215051,7542.036873620719,8.653641696228208,6.5327856818499965,1065.6409523809523,1299.7115248117912,484128.83,90.12,98.106,99.664
2018-02-01,4.408525,5.439980633421053,5866.88168205492,7.676595710190818,8279.014538391277,8.961246613625956,6.500068624035304,1078.4747368421054,1330.8037681662051,518188.55,91.44,98.855,100.774
2018-03-01,4.678925,5.770964827159091,6174.59659983392,7.276303872142298,7785.221794603335,8.955191162324324,6.13736124844799,1069.9418181818182,1319.6613751735538,558783.7,92.03,98.751,100.823
2018-04-01,5.021260000000001,6.160846912380952,6580.063207402228,7.373735130986093,7875.482693625264,8.615417864005815,6.086180823334267,1068.0452380952381,1310.440647845805,576492.5,92.98,98.931,100.021
2018-05-01,5.60015,6.620853703181819,7128.405338588781,6.812776789175112,7335.041161116554,7.688161746935429,6.049790431807949,1076.6595454545454,1272.8954293347108,475474.7,95.98,98.979,100.358
2018-06-01,5.82635,6.804677398571428,7446.734354674921,6.873440041956542,7521.985113648694,7.886009773922898,6.17983793397579,1094.355238095238,1278.113116217687,478666.72,97.44,98.779,99.505
2018-07-01,5.62072,6.567597197333334,7370.176339410888,7.3280856840365995,8223.598692013542,8.056155572900595,6.3949486238079984,1122.2028571428573,1311.2512879863946,779470.28,98.88,98.59,99.238
2018-08-01,5.4842,6.332391140869566,7094.981733469711,7.261771176728572,8136.2841784992825,7.895338346072911,6.557386056607286,1120.4269565217392,1293.7131639017014,583781.27,98.98,99.462,98.712
2018-09-01,5.402200000000001,6.302718307368422,7057.910014957307,7.504260083696508,8403.420526925025,8.477424057377135,6.284160934158044,1119.8200000000002,1306.4881002105265,464932.18,98.79,100.221,100.863
2018-10-01,4.8886,5.615823691818183,6354.9503270168325,7.473133728159468,8456.710223791177,8.37661569193581,6.595734691617761,1131.615,1299.953018659091,540119.6,95.39,100.041,100.675
2018-11-01,4.612150000000001,5.241201138500001,5898.159495205284,7.451428638914272,8385.427961658981,8.00721900175868,6.658844548849636,1125.345,1278.83080455,728196.6,89.86,99.33,100.972
2018-12-01,4.41386,5.02314433011111,5638.099984089224,7.290070615676379,8182.553460761328,8.255037105171505,6.070625547214098,1122.4244444444444,1277.3626676172837,618805.94,89.87,98.988,100.625
2019-01-01,4.352075,4.969155714249999,5567.094221345702,6.546466283349365,7334.202571224793,8.074349643773749,5.620990669541491,1120.33,1279.1815906999998,807014.62,89.26,98.884,100.05
2019-02-01,4.377425,4.968134184722222,5573.418532894211,6.555567613419182,7354.254267654085,7.613115371084621,5.47221550661219,1121.8333333333333,1273.218509259259,726220.41,98.0,99.311,100.457
2019-03-01,4.19562,4.739432289428571,5363.14383558989,6.562304208549816,7425.906567301738,8.067947574674665,5.50883979874557,1131.6004761904762,1278.2720636258503,676181.85,97.32,99.121,100.724
2019-04-01,4.165324999999999,4.679326104999999,5344.562500717324,6.546610077766723,7477.308899472429,7.30328569305023,5.3886516628152314,1142.165,1283.1081609999999,951630.68,98.19,99.481,100.427
2019-05-01,4.1304,4.620640930909091,5465.999790966903,6.646132841107215,7862.0609702046195,8.176255457994014,5.615255759683229,1182.9527272727273,1323.3584618842976,780383.89,101.83,99.652,100.437
2019-06-01,3.9648199999999996,4.478323662299999,5256.586900790974,6.549713454444324,7687.952132268203,7.76867185588977,5.761343351225363,1173.7845,1325.8071995175,720288.61,101.18,99.491,100.11
2019-07-01,3.812275,4.274114787727273,5031.635579350666,6.8671055459334855,8084.193875955395,7.435059139239742,5.986295633737495,1177.2345454545455,1319.8511595702478,1063238.5,99.16,99.187,100.09
2019-08-01,3.586075,3.9908287651136365,4830.412064665943,7.062704754844842,8548.543739887726,7.4206591775099975,6.267328734327617,1210.3781818181817,1346.9913665123966,993724.96,103.92,99.425,98.504
2019-09-01,3.6205200000000004,3.9866269824000007,4760.489085775086,6.982970825312936,8338.466715583145,7.585134164996695,6.2506696352614615,1194.1145000000001,1314.8633582400003,618210.23,102.94,99.794,99.079
2019-10-01,3.6161250000000003,3.998776772727273,4732.341465929257,6.68300444519589,7908.983384291317,7.562580641711776,5.709202170442132,1183.4472727272728,1308.6775114049588,941119.38,102.29,100.041,98.108
2019-11-01,3.6332999999999998,4.015006848947368,4686.713268453264,6.299555491365457,7353.464493959854,6.798262205655557,5.391767631977276,1167.298947368421,1289.9329173074793,826157.18,100.85,99.481,99.367
2019-12-01,3.65096,4.057555245333333,4766.431400553876,6.328798568827158,7434.472829650909,6.742703200754249,4.883144452244843,1174.7052380952382,1305.528244777778,686989.0,102.82,99.719,98.544
2020-01-01,3.6477999999999997,4.048206846666666,4726.129203797196,5.776926615074435,6744.344500621979,6.557161991269191,4.977331534052221,1167.462380952381,1295.6108349682538,986086.44,102.89,100.09,99.01
2020-02-01,3.60025,3.9281380315789467,4695.4439751390255,5.8771162173159475,7025.127353453951,6.792811946009513,5.188141726053122,1195.3357894736844,1304.1994236897508,1054200.865,107.5,100.16,99.82
2020-03-01,3.4907799999999995,3.855883853636363,4697.21667840607,6.164939884862209,7510.096140794317,6.9177117331177085,5.063554440447521,1218.1945454545455,1345.606620413223,834897.03,109.87,99.94,98.8
2020-04-01,3.0310249999999996,3.2950548322727267,4030.2834125021336,6.033108072668069,7379.280961566199,6.870145964265257,5.151204291423564,1223.1309090909092,1329.6767306446282,1191582.5,106.73,99.5,99.21
2020-05-01,2.90172,3.1649930556,3887.0355813462506,5.8633857121433905,7201.023348197511,6.693142974960589,5.0865443532767545,1228.134,1339.56259782,909959.58,104.22,99.44,99.7
2020-06-01,3.165025,3.5635016475,4300.95373548884,5.981140846611759,7218.9134765146,7.200779064991012,5.020318054890528,1206.9459090909093,1358.9003990454546,602641.05,98.59,99.71,99.52
2020-07-01,3.3328999999999995,3.828926417272727,4589.42256100814,6.250864009577275,7492.402095254046,6.908711366526166,5.244187547550187,1198.6186363636364,1377.0057790537192,1256207.14,99.64,99.63,100.05
2020-08-01,3.41148,4.036170723428571,4790.354208919964,6.6867765754587785,7936.242172914433,7.971694429593497,5.185658278628738,1186.8561904761905,1404.186514040816,844106.265,96.62,100.19,101.33
2020-09-01,3.4787,4.0996810804761905,4824.7584852855525,6.7117285994014635,7898.777703736558,7.396188422229574,5.269347490287248,1176.8619047619047,1386.9429629705214,932165.225,96.48,100.74,101.93
2020-10-01,3.4566250000000003,4.067690459523809,4652.49456890772,6.585278334533716,7532.031257302326,7.101138846845327,5.087026945581477,1143.7680952380954,1345.9645084172337,987157.06,93.69,100.18,102.22
2020-11-01,3.4786,4.113888987777778,4591.502357283251,6.810021669757975,7600.650052235389,7.67722744600816,4.956494964862711,1116.097777777778,1319.9282347160497,811554.98,91.41,100.09,100.44
2020-12-01,3.38355,4.117103640000001,4503.236987767887,7.20061712268431,7875.945858294389,7.69028259657996,4.9534149823427756,1093.787619047619,1330.920774857143,871191.44,92.34,100.33,97.96
2021-01-01,3.4150599999999995,4.158746232666666,4567.287600076397,6.204547163586563,6814.061195113428,7.964323332437971,4.8135034048905885,1098.2366666666667,1337.3960047777778,1482955.445,92.97,101.04,99.99
2021-02-01,3.5763,4.325158397368421,4808.770292572279,6.830741122853773,7594.511453688399,8.143564768461864,4.897164491741134,1111.8136842105262,1344.6216180332408,1119520.395,93.74,101.58,99.84
2021-03-01,3.8760749999999997,4.613152792499999,5214.036000909178,6.527848676001192,7378.129348001111,8.241458263521027,4.764782625160948,1130.2543478260868,1345.184497438563,1430362.201,95.37,101.84,99.72
2021-04-01,3.9974250000000002,4.7830825435227275,5346.794910818027,6.2546716661446355,6991.818838390686,7.2188276089357695,4.980669511962852,1117.8554545454544,1337.5597818140495,1042722.2,108.25,101.98,99.49
2021-05-01,4.0705599999999995,4.9442242927999995,5555.609764062623,6.795193345021645,7635.463170890314,8.242593187554842,4.843224538619276,1123.6565,1364.826894595,1302936.289,108.62,102.05,99.46
2021-06-01,4.0969999999999995,4.936177336363635,5541.388577273355,6.370393444567266,7151.450011005356,8.23724756484078,5.294753829749569,1122.6072727272729,1352.5478587438017,1040443.9,108.43,102.05,97.83
2021-07-01,3.9703,4.6934428795238095,5380.538332385298,6.684454233168725,7663.023319096738,7.248044043822573,5.39449775173377,1146.394761904762,1355.1969202290252,1629902.55,112.68,102.26,99.42
2021-08-01,3.9545600000000003,4.653312776727272,5402.470752074309,6.497221791965808,7543.239061080711,7.156467164476376,5.578154596214978,1160.9945454545455,1366.1370043884297,2011462.04,112.72,102.75,100.28
2021-09-01,4.0775,4.797139916666667,5626.177068360317,7.123694352374671,8354.804425881252,8.043120177808548,5.923202955762528,1172.8190476190478,1379.8104398185942,1299244.12,116.0,103.17,100.5
2021-10-01,4.56302,5.2930347547,6255.784846232383,6.883321051751532,8135.328317854618,7.685747221177615,5.368099603259199,1181.8899999999999,1370.97467165,1785193.5,125.16,103.35,99.84
2021-11-01,5.1008249999999995,5.82305081175,6894.841544160705,6.7969684047218255,8048.018409294924,7.5320332344872005,5.553710004393335,1184.06,1351.7110554,1715685.48,128.02,103.87,98.56
2021-12-01,5.461,6.171372080952381,7306.208060427054,6.499999662564431,7695.266029085797,7.41874166955525,5.745855538106394,1183.8871428571429,1337.8883099115644,2004827.181,128.11,104.04,99.72
2022-01-01,5.71744,6.470283912,7738.682783546964,6.559844729217274,7845.800610787018,7.866049462062272,5.7391365407375226,1196.0345,1353.5223427875,1961942.322,140.35,104.85,101.07
2022-02-01,5.939075,6.740287475789474,8082.431255567295,6.732679867824817,8073.308800684696,7.928478015239192,5.779377630544803,1199.1226315789474,1360.8905857506927,1398934.33,149.48,105.42,100.78
2022-03-01,6.2193,6.852749225217392,8366.11632302677,6.7225211170879975,8207.128526256247,7.947468229178355,5.879950423451741,1220.8408695652174,1345.1861661323253,2136901.878,153.81,106.1,102.94
2022-04-01,6.83335,7.382035465238094,9117.945711673718,6.917961096975246,8544.742708799298,7.882960363287695,6.057567607570074,1235.1533333333334,1334.3302643174602,2566764.94,177.92,106.83,105.97
2022-05-01,6.976360000000001,7.372052495047619,9353.719884236618,6.7399282757153625,8551.67555755179,7.7198537688333655,6.226748057542175,1268.8080952380953,1340.773682011338,2034105.474,182.0,107.5,109.9
2022-06-01,7.240825,7.65151769797619,9774.09243035306,7.075779539315846,9038.641216548001,7.801947827356126,6.520556720931294,1277.4057142857143,1349.8589498231293,1989079.92,182.46,108.21,109.75
2022-07-01,7.188879999999999,7.309832906,9561.477081118728,7.012442089361793,9172.481119926862,7.709984937349304,6.999559971073508,1308.0295,1330.0370963375003,1939595.055,186.12,108.73,110.66
2022-08-01,7.1453999999999995,7.237420325217391,9549.140484817524,7.088206656063329,9352.26615322142,8.33017916388223,6.267856799892447,1319.4121739130435,1336.4039080831758,1756465.86,187.69,108.63,110.99
2022-09-01,7.220525,7.147460163690477,9980.519370087224,7.209923737303984,10067.74180884127,8.128927985377398,6.667511869743838,1396.3728571428571,1382.242893707483,2059441.617,197.43,108.82,114.89
2022-10-01,7.04316,6.939590332200001,9896.306887088793,7.409919091982552,10567.026269908098,8.014329308192302,6.5329498561960735,1426.065,1405.094714175,1928648.049,199.24,109.16,127.74
2022-11-01,6.585925,6.71230890075,9140.755137952343,7.742508952881398,10543.671266944359,9.109492033456348,6.761559470722065,1361.79,1387.9227501,1389839.142,184.94,109.07,133.92
2022-12-01,5.972799999999999,6.325593386666667,8182.552654380496,7.979518742856181,10322.009063634021,9.024713530032955,6.31999103684497,1293.5628571428572,1369.9693032380956,1505370.485,175.74,109.26,135.48
2023-01-01,5.33904,5.7538300176,7152.416356893042,8.02365557809057,9973.969551284836,9.39923870713199,6.671469060486037,1243.0705,1339.6446471450001,2088010.862,166.07,110.07,134.08
2023-02-01,4.8074,5.1450059905263155,6562.046248334963,7.805209888092095,9954.924903475623,9.41256618606277,6.674577914769087,1275.4205263157894,1364.9886109612187,2068050.601,169.2,110.33,135.94
2023-03-01,4.76415,5.103046774565217,6664.661180073765,8.178970972649571,10681.86766503077,8.827290430525384,7.014854565358028,1306.0160869565218,1398.9192573856333,2044694.749,173.86,110.52,134.72
2023-04-01,4.70312,5.155560144000001,6815.944377296209,7.854517312165743,10384.119594169906,9.34169565281221,6.656369022429115,1322.057,1449.2388834,2355523.486,170.12,110.77,132.4
2023-05-01,4.662525,5.066808304090908,6726.086687514599,7.728441814358582,10259.35193972473,8.708494128622066,6.526548177298112,1327.48,1442.584584,1657248.81,171.17,111.13,134.01
2023-06-01,4.7303,5.127780351428572,6652.020386291216,7.7076248856374425,9998.727393785866,8.677194744557251,6.538132723491168,1297.2514285714285,1406.2576128979592,2000846.075,167.11,111.16,134.27
2023-07-01,4.608779999999999,5.1004907381999995,6540.275115496678,7.528685697751963,9653.909446913329,8.178174455317397,6.605246222568329,1282.2835,1419.0903266149999,1851437.098,165.76,111.29,133.53
2023-08-01,4.516775,4.927801525,6513.351660982381,7.925421822090495,10475.47453504616,8.75965953124336,6.56612343040342,1321.7560869565218,1442.0358908695653,1658929.24,169.91,112.28,134.77
2023-09-01,4.416399999999999,4.71307167,6288.354605765788,7.340791821738594,9794.356057861036,7.78459315703526,6.652039211419188,1334.2369999999999,1423.8643704749998,1592810.324,171.33,112.85,135.67
2023-10-01,4.72258,4.989203373714286,6742.943996741813,7.473646473789443,10100.68659251553,8.149107601044017,6.639325371520461,1351.507142857143,1427.8093746938778,1527396.17,170.01,113.27,139.66
2023-11-01,5.149075,5.5709387147500005,7287.645763455072,7.170992952579472,9380.763114888647,7.601031790112761,6.608726613062284,1308.154,1415.33105722,1977949.371,164.93,112.68,140.31
2023-12-01,5.44216,5.9370700304,7744.281493768593,7.692466620637433,10034.011151393053,8.121791929189136,6.412751717785716,1304.3944999999999,1423.01613583,1720707.889,164.12,112.73,140.39
2024-01-01,5.435675,5.924290414166666,7855.087187410419,7.426964720580547,9847.500939264422,8.376635897035577,6.47912387733925,1325.911904761905,1445.0987572675738,2255371.155,166.58,113.17,137.4
2024-02-01,5.4797,5.91424021,7873.832032860244,7.759676338419231,10330.724818171197,8.727478580045519,6.651982496070212,1331.3345,1436.9093258499997,1341552.862,167.62,113.78,136.73
2024-04-01,5.7373,6.152628362727273,8415.90626574757,7.821486924289221,10698.663552044962,8.379043408181825,6.703965145065363,1367.8554545454544,1466.8757544049588,1813171.605,172.16,114.01,137.88
2024-05-01,5.9388,6.419923783636363,8761.424649328785,7.8207248504727085,10673.131611811503,8.167184466671062,6.666088055380044,1364.7240909090908,1475.2853521466939,1555816.658,171.85,114.1,138.59
2024-06-01,6.3525599999999995,6.837427500631578,9429.172387976243,7.818352635172342,10781.919776146617,8.65800824517602,6.641091049220067,1379.0526315789473,1484.3106382271467,1499273.894,173.7,113.84,138.56
2024-07-01,6.5318000000000005,7.084776250000001,9791.495694195455,7.858798657340395,10861.231251290044,8.595912181780788,6.80584402376526,1382.0472727272727,1499.050138429752,1966516.598,174.11,114.13,138.27
2024-08-01,6.880825,7.58279425590909,10247.719043003075,7.942586060566078,10733.95738782255,9.087272404264574,6.681541902062043,1351.4436363636364,1489.3154589752066,1798798.01,170.44,114.54,137.5
2024-09-01,7.562360000000001,8.397433603000001,11174.452299361697,8.261318078761525,10993.323575430843,9.050098041088129,6.863199812942682,1330.6985,1477.6408818625,2144570.979,172.8,114.65,137.58
2024-10-01,7.805549999999999,8.503756447499999,11585.254940692894,8.326289898036675,11343.479999033772,9.513199290472587,6.873902676152685,1362.3690909090908,1484.233006090909,1858375.842,175.84,114.69,140.43
2024-11-01,7.681900000000001,8.15918857631579,11382.231247732054,8.222524611780216,11470.586283925637,8.823801250928103,7.31248057665428,1395.02,1481.6947952631579,1711082.747,180.52,114.4,140.08
2024-12-01,7.73846,8.103973260666667,11669.6944821158,8.42095013809259,12126.140129019535,9.600891596309374,7.425787173584268,1439.9966666666667,1508.0125092222224,2156871.339,185.36,114.91,139.47
2025-01-01,7.41225,7.676055507142857,11147.105667975895,8.836611081113626,12832.455077522549,9.61133994015006,7.59441721047359,1452.1919047619047,1503.8761061723355,1883678.239,192.4,115.71,141.07
2025-02-01,7.257375000000001,7.557104587500001,10918.453001514928,8.702058754761294,12572.674948477112,9.652666657620747,8.027388554497874,1444.7931578947369,1504.4631153157895,2360964.983,191.31,116.08,139.97
2025-03-01,7.3584,7.956743039999999,11603.678323131428,8.85060931360268,12907.243946733832,9.941583267856553,8.096884416499284,1458.345238095238,1576.9295394557823,2280197.248,194.03,116.29,140.63
2025-04-01,7.392,8.302526400000001,11953.79259081382,8.914522967216561,12834.93161745959,10.388383001045275,8.11620725159463,1439.7777272727274,1617.125621051653,2288622.518,193.13,116.38,137.48
2025-05-01,7.304475,8.2348216325,11458.240605607627,9.081449657467044,12636.270688886758,10.782414285768027,8.072420538174345,1391.437619047619,1568.6603904603173,2527786.407,186.66,116.27,141.33
2025-06-01,7.367039999999999,8.496886089599998,11595.509266540103,9.128605050401314,12457.60191866904,11.07814984075926,8.203818021620581,1364.6775,1573.9712647874999,2352958.955,180.15,116.31,143.9
2025-07-01,7.331375,8.55631446477273,11801.689538156395,9.481883000564657,13078.322433157464,11.266027805096048,8.212738304522759,1379.295909090909,1609.751177392562,2602525.996,183.99,116.52,142.33
2025-08-01,7.127180000000001,8.301365935523812,11530.589378379778,9.079658592178257,12611.637137241702,10.940569822117284,8.231203651190627,1388.9990476190476,1617.8333335736963,2234735.678,185.42,116.45,142.91
2025-09-01,6.30645,7.402961470714285,10311.623809975155,8.951394209105683,12468.443882118687,11.221083286751597,8.278260993953728,1392.9052380952382,1635.091661707483,2717896.501,187.2,117.06,143.17
2025-10-01,5.829649999999999,6.786136574545454,9657.21215189661,9.925107870432964,14124.217996843074,11.710087275931347,8.208167561164839,1423.0795454545455,1656.568087603306,2073561.947,185.17,117.42,144.46
2025-11-01,5.41482,6.258509120666666,9136.66534117983,8.967423833281897,13091.352741927316,11.698346850905924,8.3246168931822,1459.878888888889,1687.344240654321,1686049.113,189.46,117.2,145.28
2025-12-01,4.586775,5.371280316818182,7870.832468651107,9.206193833157505,13490.342164386515,10.833930441273651,8.328576102173047,1465.355,1715.9839906363636,2513787.828,191.11,117.57,145.3
